-- phpMyAdmin SQL Dump
-- version 5.1.1
-- https://www.phpmyadmin.net/
--
-- Хост: 127.0.0.1
-- Время создания: Ноя 10 2023 г., 00:10
-- Версия сервера: 10.4.22-MariaDB
-- Версия PHP: 8.1.2

SET SQL_MODE = "NO_AUTO_VALUE_ON_ZERO";
START TRANSACTION;
SET time_zone = "+00:00";


/*!40101 SET @OLD_CHARACTER_SET_CLIENT=@@CHARACTER_SET_CLIENT */;
/*!40101 SET @OLD_CHARACTER_SET_RESULTS=@@CHARACTER_SET_RESULTS */;
/*!40101 SET @OLD_COLLATION_CONNECTION=@@COLLATION_CONNECTION */;
/*!40101 SET NAMES utf8mb4 */;

--
-- База данных: `hs2`
--

-- --------------------------------------------------------

--
-- Структура таблицы `cash`
--

CREATE TABLE `cash` (
  `ID_Cash` int(11) NOT NULL,
  `IsCash` text NOT NULL,
  `ID_SubTypePaymentCredit` int(11) DEFAULT NULL,
  `ID_SubTypePayment` int(11) DEFAULT NULL
) ENGINE=InnoDB DEFAULT CHARSET=utf8;

--
-- Дамп данных таблицы `cash`
--

INSERT INTO `cash` (`ID_Cash`, `IsCash`, `ID_SubTypePaymentCredit`, `ID_SubTypePayment`) VALUES
(1, 'Н', 0, 0),
(2, 'КД/з1', 30, 27),
(3, 'ПБ/п1', 31, 28),
(4, 'ПБ/к1', 32, 29),
(5, 'Э/а1', 129, 105),
(6, 'ПБ/дк', 32, 131);

-- --------------------------------------------------------

--
-- Структура таблицы `course`
--

CREATE TABLE `course` (
  `ID_Course` int(11) NOT NULL,
  `DateCourse` date DEFAULT NULL,
  `ID_Currency` int(11) DEFAULT NULL,
  `Course` float NOT NULL,
  `Course_BN` float NOT NULL
) ENGINE=InnoDB DEFAULT CHARSET=utf8;

--
-- Дамп данных таблицы `course`
--

INSERT INTO `course` (`ID_Course`, `DateCourse`, `ID_Currency`, `Course`, `Course_BN`) VALUES
(1, '2011-10-01', 2, 8, 8),
(2, '2011-10-01', 3, 10.8, 10.8),
(3, '2011-10-26', 2, 8.01, 8.01),
(4, '2011-10-26', 3, 11.06, 11.06),
(5, '2014-09-06', 2, 12.82, 12.82),
(6, '2014-09-06', 3, 16.69, 16.69),
(7, '2014-09-18', 2, 13.43, 13.43),
(8, '2014-09-18', 3, 17.39, 17.39),
(9, '2014-09-20', 2, 13.43, 13.43),
(10, '2014-09-20', 3, 17.29, 17.29),
(11, '2014-09-23', 2, 13.49, 13.49),
(12, '2014-09-23', 3, 17.34, 17.34),
(13, '2014-09-27', 2, 12.9, 12.9),
(14, '2014-09-27', 3, 16.4, 16.4);

-- --------------------------------------------------------

--
-- Структура таблицы `credit`
--

CREATE TABLE `credit` (
  `Credit` int(11) NOT NULL,
  `NameCredit` text NOT NULL,
  `UserIndex` int(11) NOT NULL
) ENGINE=InnoDB DEFAULT CHARSET=utf8;

--
-- Дамп данных таблицы `credit`
--

INSERT INTO `credit` (`Credit`, `NameCredit`, `UserIndex`) VALUES
(0, 'расход', 2),
(1, 'ПРИХОД', 1);

-- --------------------------------------------------------

--
-- Структура таблицы `currency`
--

CREATE TABLE `currency` (
  `ID_Currency` int(11) NOT NULL,
  `NameCurrency` text NOT NULL,
  `MarkCurrency` text NOT NULL
) ENGINE=InnoDB DEFAULT CHARSET=utf8;

--
-- Дамп данных таблицы `currency`
--

INSERT INTO `currency` (`ID_Currency`, `NameCurrency`, `MarkCurrency`) VALUES
(1, 'грн.', 'g'),
(2, 'USD', '$'),
(3, 'EUR', '');

-- --------------------------------------------------------

--
-- Структура таблицы `debt`
--

CREATE TABLE `debt` (
  `ID_Debt` int(11) NOT NULL,
  `ID_TypeDebt` int(11) DEFAULT NULL,
  `DateDebt` date DEFAULT NULL,
  `DateExpected` date DEFAULT NULL,
  `NoteForDebt` text NOT NULL,
  `Credit` text NOT NULL,
  `ID_Currency` int(11) DEFAULT NULL,
  `SumDebt` text NOT NULL,
  `ID_RelationDebt` int(11) DEFAULT NULL,
  `IsReturn` text NOT NULL,
  `ID_Users` int(11) DEFAULT NULL,
  `IsQuestion` text NOT NULL,
  `Note` text NOT NULL
) ENGINE=InnoDB DEFAULT CHARSET=utf8;

--
-- Дамп данных таблицы `debt`
--

INSERT INTO `debt` (`ID_Debt`, `ID_TypeDebt`, `DateDebt`, `DateExpected`, `NoteForDebt`, `Credit`, `ID_Currency`, `SumDebt`, `ID_RelationDebt`, `IsReturn`, `ID_Users`, `IsQuestion`, `Note`) VALUES
(1, 1, '2014-09-16', '0000-00-00', '', '1', 1, '', 1593, '0', 94, '0', ''),
(2, 1, '2014-09-19', '0000-00-00', '', '1', 1, '', 1607, '0', 94, '0', ''),
(3, 2, '2014-09-21', '2014-09-22', '', '0', 1, '', 1619, '0', 94, '0', ''),
(4, 2, '2014-09-23', '0000-00-00', '', '0', 1, '', 1636, '0', 94, '0', ''),
(5, 1, '2014-09-27', '2014-09-29', '', '1', 1, '', 1645, '0', 81, '0', '');

-- --------------------------------------------------------

--
-- Структура таблицы `debtreturn`
--

CREATE TABLE `debtreturn` (
  `ID_DebtReturn` int(11) NOT NULL,
  `ID_Debt` int(11) DEFAULT NULL,
  `ID_RelationDebtReturn` int(11) DEFAULT NULL,
  `NoteDebtReturn` text NOT NULL
) ENGINE=InnoDB DEFAULT CHARSET=utf8;

--
-- Дамп данных таблицы `debtreturn`
--

INSERT INTO `debtreturn` (`ID_DebtReturn`, `ID_Debt`, `ID_RelationDebtReturn`, `NoteDebtReturn`) VALUES
(1, 3, 1625, '');

-- --------------------------------------------------------

--
-- Структура таблицы `diarybook`
--

CREATE TABLE `diarybook` (
  `ID_DiaryBook` int(11) NOT NULL,
  `ID_User` int(11) NOT NULL DEFAULT 1,
  `DateDiaryBook_OLD` text NOT NULL,
  `DateDiaryBook` date NOT NULL,
  `DayLock` text NOT NULL,
  `RealTotalSumCash1` float NOT NULL,
  `RealTotalSumCash2` float NOT NULL,
  `RealTotalSumCash3` float NOT NULL,
  `RealTotalSum1` float NOT NULL,
  `RealTotalSum2` float NOT NULL,
  `RealTotalSum3` float NOT NULL,
  `RecordDiaryBook` text NOT NULL
) ENGINE=InnoDB DEFAULT CHARSET=utf8;

--
-- Дамп данных таблицы `diarybook`
--

INSERT INTO `diarybook` (`ID_DiaryBook`, `ID_User`, `DateDiaryBook_OLD`, `DateDiaryBook`, `DayLock`, `RealTotalSumCash1`, `RealTotalSumCash2`, `RealTotalSumCash3`, `RealTotalSum1`, `RealTotalSum2`, `RealTotalSum3`, `RecordDiaryBook`) VALUES
(1, 1, '30.09.2011', '2011-09-30', '1', 77.55, 0, 0, -2319.91, 0, 0, ''),
(2, 1, '01.10.2011', '2011-10-01', '1', 0, 0, 0, 0, 0, 0, ''),
(3, 1, '02.10.2011', '2011-10-02', '1', 18.7, 0, 0, 0, 0, 0, ''),
(4, 1, '03.10.2011', '2011-10-03', '1', 0, 0, 0, 0, 0, 0, ''),
(5, 1, '04.10.2011', '2011-10-04', '1', 15.7, 0, 0, 0, 0, 0, ''),
(6, 1, '05.10.2011', '2011-10-05', '1', 0, 0, 0, 0, 0, 0, ''),
(7, 1, '06.10.2011', '2011-10-06', '1', 0, 0, 0, 0, 0, 0, ''),
(8, 1, '07.10.2011', '2011-10-07', '1', 0, 0, 0, 0, 0, 0, ''),
(9, 1, '08.10.2011', '2011-10-08', '1', 2857.2, 0, 0, 0, 0, 0, ''),
(10, 1, '09.10.2011', '2011-10-09', '1', 2754.1, 0, 0, -1557.13, 0, 0, ''),
(11, 1, '10.10.2011', '2011-10-10', '1', 2389.3, 0, 0, -1557.13, 0, 0, ''),
(12, 1, '11.10.2011', '2011-10-11', '1', 0, 0, 0, 0, 0, 0, '\"01:19Будем считать последний раз… пьяный… завтра, вернее сегодня на работу…и курить начал… ёб…\"'),
(13, 1, '12.10.2011', '2011-10-12', '1', 0, 0, 0, 0, 0, 0, ''),
(14, 1, '13.10.2011', '2011-10-13', '1', 0, 0, 0, 0, 0, 0, ''),
(15, 1, '14.10.2011', '2011-10-14', '1', 0, 0, 0, 0, 0, 0, ''),
(16, 1, '15.10.2011', '2011-10-15', '1', 0, 0, 0, 0, 0, 0, ''),
(17, 1, '16.10.2011', '2011-10-16', '1', 0, 0, 0, 0, 0, 0, ''),
(18, 1, '17.10.2011', '2011-10-17', '1', 460, 0, 0, 0, 0, 0, '\"Сегодня (1:00) закончилась торба:09.10.11-16.10.11 (8 дней) - 1635,80 и 1500,00 за смены, итого: 3135,80 / 8 = 391,98 (1635,80 / 8 = 204,48)\"'),
(19, 1, '18.10.2011', '2011-10-18', '1', 356.4, 0, 0, 0, 0, 0, ''),
(20, 1, '19.10.2011', '2011-10-19', '1', 353.4, 0, 0, 0, 0, 0, ''),
(21, 1, '20.10.2011', '2011-10-20', '1', 346.9, 0, 0, 0, 0, 0, ''),
(22, 1, '21.10.2011', '2011-10-21', '1', 185.4, 0, 0, 0, 0, 0, ''),
(23, 1, '22.10.2011', '2011-10-22', '1', 0, 0, 0, 0, 0, 0, ''),
(24, 1, '23.10.2011', '2011-10-23', '1', 0, 0, 0, 0, 0, 0, ''),
(25, 1, '24.10.2011', '2011-10-24', '1', 84.15, 0, 0, 0, 0, 0, ''),
(26, 1, '25.10.2011', '2011-10-25', '1', 40.05, 0, 0, 0, 0, 0, ''),
(27, 1, '26.10.2011', '2011-10-26', '1', 0, 0, 0, 0, 0, 0, ''),
(28, 1, '27.10.2011', '2011-10-27', '1', 113.1, 0, 0, 0, 0, 0, ''),
(29, 1, '28.10.2011', '2011-10-28', '1', 0, 0, 0, 0, 0, 0, ''),
(30, 1, '29.10.2011', '2011-10-29', '1', 32.5, 0, 0, 0, 0, 0, ''),
(31, 1, '30.10.2011', '2011-10-30', '1', 0, 0, 0, 0, 0, 0, ''),
(32, 1, '31.10.2011', '2011-10-31', '1', 0, 0, 0, 0, 0, 0, ''),
(33, 1, '01.11.2011', '2011-11-01', '1', 54, 0, 0, 0, 0, 0, ''),
(34, 1, '02.11.2011', '2011-11-02', '1', 4.4, 0, 0, 0, 0, 0, ''),
(35, 1, '03.11.2011', '2011-11-03', '1', 0, 0, 0, 0, 0, 0, ''),
(36, 1, '04.11.2011', '2011-11-04', '1', 0, 0, 0, 0, 0, 0, ''),
(37, 1, '05.11.2011', '2011-11-05', '1', 71.62, 0, 0, 0, 0, 0, ''),
(38, 1, '06.11.2011', '2011-11-06', '1', 17.12, 0, 0, 0, 0, 0, '\"18:55Встречался с Хайловым (тибетский гриб), Байдыком (мобильник глянуть), Славиком…\"'),
(39, 1, '07.11.2011', '2011-11-07', '1', 0, 0, 0, 0, 0, 0, ''),
(40, 1, '08.11.2011', '2011-11-08', '1', 0, 0, 0, 0, 0, 0, ''),
(41, 1, '09.11.2011', '2011-11-09', '1', 28, 0, 0, 0, 0, 0, ''),
(42, 1, '10.11.2011', '2011-11-10', '1', 0, 0, 0, 0, 0, 0, ''),
(43, 1, '11.11.2011', '2011-11-11', '1', 251.39, 0, 0, 0, 0, 0, ''),
(44, 1, '12.11.2011', '2011-11-12', '1', 0, 0, 0, 0, 0, 0, ''),
(45, 1, '13.11.2011', '2011-11-13', '1', 265.94, 0, 0, 0, 0, 0, ''),
(46, 1, '14.11.2011', '2011-11-14', '1', 74.32, 0, 0, 0, 0, 0, ''),
(47, 1, '15.11.2011', '2011-11-15', '1', 0, 0, 0, 0, 0, 0, ''),
(48, 1, '16.11.2011', '2011-11-16', '1', 0, 0, 0, 0, 0, 0, ''),
(49, 1, '17.11.2011', '2011-11-17', '1', 333.76, 0, 0, 0, 0, 0, ''),
(50, 1, '18.11.2011', '2011-11-18', '1', 168.26, 0, 0, 0, 0, 0, ''),
(51, 1, '19.11.2011', '2011-11-19', '1', 0, 0, 0, 0, 0, 0, ''),
(52, 1, '20.11.2011', '2011-11-20', '1', 0, 0, 0, 0, 0, 0, ''),
(53, 1, '21.11.2011', '2011-11-21', '1', 41.26, 0, 0, 0, 0, 0, ''),
(54, 1, '22.11.2011', '2011-11-22', '1', 208.91, 0, 0, 0, 0, 0, ''),
(55, 1, '23.11.2011', '2011-11-23', '1', 26.55, 0, 0, 0, 0, 0, ''),
(56, 1, '24.11.2011', '2011-11-24', '1', 0, 0, 0, 0, 0, 0, ''),
(57, 1, '25.11.2011', '2011-11-25', '1', 15.55, 0, 0, 0, 0, 0, ''),
(58, 1, '26.11.2011', '2011-11-26', '1', 136.35, 0, 0, 0, 0, 0, ''),
(59, 1, '27.11.2011', '2011-11-27', '1', 0, 0, 0, 0, 0, 0, ''),
(60, 1, '28.11.2011', '2011-11-28', '1', 59.35, 0, 0, 0, 0, 0, ''),
(61, 1, '29.11.2011', '2011-11-29', '1', 0, 0, 0, 0, 0, 0, ''),
(62, 1, '30.11.2011', '2011-11-30', '1', 203.25, 0, 0, 0, 0, 0, ''),
(63, 1, '01.12.2011', '2011-12-01', '1', 320.95, 0, 0, 0, 0, 0, ''),
(64, 1, '02.12.2011', '2011-12-02', '1', 317.45, 0, 0, 0, 0, 0, ''),
(65, 1, '03.12.2011', '2011-12-03', '1', 299.45, 0, 0, 0, 0, 0, ''),
(66, 1, '04.12.2011', '2011-12-04', '1', 0, 0, 0, 0, 0, 0, ''),
(67, 1, '05.12.2011', '2011-12-05', '1', 0, 0, 0, 0, 0, 0, ''),
(68, 1, '06.12.2011', '2011-12-06', '1', 0, 0, 0, 0, 0, 0, ''),
(69, 1, '07.12.2011', '2011-12-07', '1', 0, 0, 0, 0, 0, 0, ''),
(70, 1, '08.12.2011', '2011-12-08', '1', 0, 0, 0, 0, 0, 0, ''),
(71, 1, '09.12.2011', '2011-12-09', '1', 184.1, 0, 0, 0, 0, 0, ''),
(72, 1, '10.12.2011', '2011-12-10', '1', 0, 0, 0, 0, 0, 0, ''),
(73, 1, '11.12.2011', '2011-12-11', '1', 0, 0, 0, 0, 0, 0, ''),
(74, 1, '12.12.2011', '2011-12-12', '1', 1065.3, 0, 0, 0, 0, 0, ''),
(75, 1, '13.12.2011', '2011-12-13', '1', 0, 0, 0, 0, 0, 0, ''),
(76, 1, '14.12.2011', '2011-12-14', '1', 0, 0, 0, 0, 0, 0, ''),
(77, 1, '15.12.2011', '2011-12-15', '1', 0, 0, 0, 0, 0, 0, ''),
(78, 1, '16.12.2011', '2011-12-16', '1', 0, 0, 0, 0, 0, 0, ''),
(79, 1, '17.12.2011', '2011-12-17', '1', 0, 0, 0, 0, 0, 0, ''),
(80, 1, '18.12.2011', '2011-12-18', '1', 0, 0, 0, 0, 0, 0, ''),
(81, 1, '19.12.2011', '2011-12-19', '1', 2023, 0, 0, 0, 0, 0, ''),
(82, 1, '20.12.2011', '2011-12-20', '1', 0, 0, 0, 0, 0, 0, ''),
(83, 1, '21.12.2011', '2011-12-21', '1', 0, 0, 0, 0, 0, 0, ''),
(84, 1, '22.12.2011', '2011-12-22', '1', 0, 0, 0, 0, 0, 0, ''),
(85, 1, '23.12.2011', '2011-12-23', '1', 0, 0, 0, 0, 0, 0, ''),
(86, 1, '24.12.2011', '2011-12-24', '1', 0, 0, 0, 0, 0, 0, ''),
(87, 1, '25.12.2011', '2011-12-25', '1', 0, 0, 0, 0, 0, 0, ''),
(88, 1, '26.12.2011', '2011-12-26', '1', 0, 0, 0, 0, 0, 0, ''),
(89, 1, '27.12.2011', '2011-12-27', '1', 0, 0, 0, 0, 0, 0, ''),
(90, 1, '28.12.2011', '2011-12-28', '0', 0, 0, 0, 0, 0, 0, ''),
(91, 1, '29.12.2011', '2011-12-29', '1', 0, 0, 0, 0, 0, 0, ''),
(92, 1, '30.12.2011', '2011-12-30', '1', 707.4, 0, 0, 0, 0, 0, ''),
(93, 1, '31.12.2011', '2011-12-31', '1', 327.8, 0, 0, 0, 0, 0, ''),
(94, 1, '01.01.2012', '2012-01-01', '1', 0, 0, 0, 0, 0, 0, ''),
(95, 1, '02.01.2012', '2012-01-02', '1', 0, 0, 0, 0, 0, 0, ''),
(96, 1, '03.01.2012', '2012-01-03', '1', 145.8, 0, 0, 0, 0, 0, ''),
(97, 1, '04.01.2012', '2012-01-04', '1', 0, 0, 0, 0, 0, 0, ''),
(98, 1, '05.01.2012', '2012-01-05', '1', 0, 0, 0, 0, 0, 0, ''),
(99, 1, '06.01.2012', '2012-01-06', '1', 38.35, 0, 0, 0, 0, 0, ''),
(100, 1, '07.01.2012', '2012-01-07', '1', 0, 0, 0, 0, 0, 0, ''),
(101, 1, '08.01.2012', '2012-01-08', '1', 0, 0, 0, 0, 0, 0, ''),
(102, 1, '09.01.2012', '2012-01-09', '1', 0, 0, 0, 0, 0, 0, ''),
(103, 1, '10.01.2012', '2012-01-10', '1', 105.65, 0, 0, 0, 0, 0, ''),
(104, 1, '11.01.2012', '2012-01-11', '1', 0, 0, 0, 0, 0, 0, ''),
(105, 1, '12.01.2012', '2012-01-12', '1', 340.65, 0, 0, 0, 0, 0, ''),
(106, 1, '13.01.2012', '2012-01-13', '1', 0, 0, 0, 0, 0, 0, ''),
(107, 1, '14.01.2012', '2012-01-14', '1', 176.5, 0, 0, 0, 0, 0, ''),
(108, 1, '15.01.2012', '2012-01-15', '1', 0, 0, 0, 0, 0, 0, ''),
(109, 1, '16.01.2012', '2012-01-16', '1', 0, 0, 0, 0, 0, 0, ''),
(110, 1, '17.01.2012', '2012-01-17', '1', 0, 0, 0, 0, 0, 0, ''),
(111, 1, '18.01.2012', '2012-01-18', '1', 0, 0, 0, 0, 0, 0, ''),
(112, 1, '19.01.2012', '2012-01-19', '1', 0, 0, 0, 0, 0, 0, ''),
(113, 1, '20.01.2012', '2012-01-20', '1', 224.65, 0, 0, 0, 0, 0, ''),
(114, 1, '21.01.2012', '2012-01-21', '1', 0, 0, 0, 0, 0, 0, ''),
(115, 1, '22.01.2012', '2012-01-22', '1', 0, 0, 0, 0, 0, 0, ''),
(116, 1, '23.01.2012', '2012-01-23', '1', 0, 0, 0, 0, 0, 0, ''),
(117, 1, '24.01.2012', '2012-01-24', '1', 0, 0, 0, 0, 0, 0, ''),
(118, 1, '25.01.2012', '2012-01-25', '1', 146.05, 0, 0, 0, 0, 0, ''),
(275, 1, '30.06.2012', '2012-06-30', '1', 0, 0, 0, 0, 0, 0, ''),
(276, 1, '01.07.2012', '2012-07-01', '1', 0, 0, 0, 0, 0, 0, ''),
(277, 1, '02.07.2012', '2012-07-02', '1', 323.7, 0, 0, -3528.12, 0, 0, ''),
(278, 1, '03.07.2012', '2012-07-03', '1', 145.6, 0, 0, -3609.57, 0, 0, ''),
(279, 1, '04.07.2012', '2012-07-04', '1', 0, 0, 0, 0, 0, 0, ''),
(280, 1, '05.07.2012', '2012-07-05', '1', 0, 0, 0, 0, 0, 0, ''),
(281, 1, '06.07.2012', '2012-07-06', '1', 74.6, 0, 0, -3609.57, 0, 0, ''),
(282, 1, '07.07.2012', '2012-07-07', '1', 0, 0, 0, -3609.57, 0, 0, ''),
(283, 1, '08.07.2012', '2012-07-08', '1', 0, 0, 0, 0, 0, 0, ''),
(284, 1, '09.07.2012', '2012-07-09', '1', 0, 0, 0, 0, 0, 0, ''),
(285, 1, '10.07.2012', '2012-07-10', '1', 0, 0, 0, 0, 0, 0, ''),
(286, 1, '11.07.2012', '2012-07-11', '1', 0, 0, 0, 0, 0, 0, ''),
(287, 1, '12.07.2012', '2012-07-12', '1', 0, 0, 0, 0, 0, 0, ''),
(288, 1, '13.07.2012', '2012-07-13', '1', 0, 0, 0, 0, 0, 0, ''),
(289, 1, '14.07.2012', '2012-07-14', '1', 0, 0, 0, 0, 0, 0, ''),
(290, 1, '15.07.2012', '2012-07-15', '1', 0, 0, 0, 0, 0, 0, ''),
(291, 1, '16.07.2012', '2012-07-16', '1', 0, 0, 0, 0, 0, 0, ''),
(292, 1, '17.07.2012', '2012-07-17', '1', 0, 0, 0, 0, 0, 0, ''),
(293, 1, '18.07.2012', '2012-07-18', '1', 0, 0, 0, 0, 0, 0, ''),
(294, 1, '19.07.2012', '2012-07-19', '1', 1153.2, 0, 0, 0, 0, 0, ''),
(295, 1, '20.07.2012', '2012-07-20', '1', 927.55, 0, 0, 0, 0, 0, ''),
(296, 1, '21.07.2012', '2012-07-21', '1', 0, 0, 0, 0, 0, 0, ''),
(297, 1, '22.07.2012', '2012-07-22', '1', 860, 0, 0, 0, 0, 0, ''),
(298, 1, '23.07.2012', '2012-07-23', '1', 0, 0, 0, 0, 0, 0, ''),
(299, 1, '24.07.2012', '2012-07-24', '1', 674.2, 0, 0, 0, 0, 0, ''),
(300, 1, '25.07.2012', '2012-07-25', '1', 0, 0, 0, 0, 0, 0, ''),
(301, 1, '26.07.2012', '2012-07-26', '1', 643.7, 0, 0, 0, 0, 0, ''),
(302, 1, '27.07.2012', '2012-07-27', '1', 612.7, 0, 0, 0, 0, 0, 'Ночью приступ (сознание, только аура)'),
(303, 1, '28.07.2012', '2012-07-28', '1', 341.7, 0, 0, 0, 0, 0, ''),
(304, 1, '29.07.2012', '2012-07-29', '1', 0, 0, 0, 0, 0, 0, ''),
(305, 1, '30.07.2012', '2012-07-30', '1', 272.2, 0, 0, 0, 0, 0, ''),
(306, 1, '31.07.2012', '2012-07-31', '1', 151.85, 0, 0, 0, 0, 0, ''),
(307, 1, '01.08.2012', '2012-08-01', '1', 14.95, 0, 0, 0, 0, 0, ''),
(308, 1, '02.08.2012', '2012-08-02', '1', 0, 0, 0, 0, 0, 0, ''),
(309, 1, '03.08.2012', '2012-08-03', '1', 247.35, 0, 0, 0, 0, 0, ''),
(310, 1, '04.08.2012', '2012-08-04', '1', 213.35, 0, 0, 0, 0, 0, ''),
(311, 1, '05.08.2012', '2012-08-05', '1', 66.25, 0, 0, 0, 0, 0, ''),
(312, 1, '06.08.2012', '2012-08-06', '1', 0, 0, 0, 0, 0, 0, ''),
(313, 1, '07.08.2012', '2012-08-07', '1', 0.55, 0, 0, 0, 0, 0, ''),
(314, 1, '08.08.2012', '2012-08-08', '1', 226.6, 0, 0, 0, 0, 0, ''),
(315, 1, '09.08.2012', '2012-08-09', '1', 76.1, 0, 0, 0, 0, 0, ''),
(316, 1, '10.08.2012', '2012-08-10', '1', 0, 0, 0, 0, 0, 0, ''),
(317, 1, '11.08.2012', '2012-08-11', '1', 153.55, 0, 0, 0, 0, 0, ''),
(318, 1, '12.08.2012', '2012-08-12', '1', 0, 0, 0, 0, 0, 0, ''),
(319, 1, '13.08.2012', '2012-08-13', '1', 2547.55, 0, 0, 0, 0, 0, ''),
(320, 1, '14.08.2012', '2012-08-14', '1', 2466.6, 0, 0, 0, 0, 0, ''),
(321, 1, '15.08.2012', '2012-08-15', '1', 2174.85, 0, 0, 0, 0, 0, ''),
(322, 1, '16.08.2012', '2012-08-16', '1', 0, 0, 0, 0, 0, 0, ''),
(323, 1, '17.08.2012', '2012-08-17', '1', 2066.1, 0, 0, 0, 0, 0, ''),
(324, 1, '18.08.2012', '2012-08-18', '1', 0, 0, 0, 0, 0, 0, ''),
(325, 1, '19.08.2012', '2012-08-19', '0', 2019.6, 0, 0, 0, 0, 0, ''),
(518, 1, '28.02.2013', '2013-02-28', '1', 0, 0, 0, 0, 0, 0, ''),
(519, 1, '01.03.2013', '2013-03-01', '0', 1421.1, 0, 0, 0, 0, 0, ''),
(520, 1, '02.03.2013', '2013-03-02', '0', 0, 0, 0, 0, 0, 0, ''),
(521, 1, '03.03.2013', '2013-03-03', '0', 1258.7, 0, 0, 0, 0, 0, ''),
(522, 1, '04.03.2013', '2013-03-04', '0', 0, 0, 0, 0, 0, 0, ''),
(523, 1, '05.03.2013', '2013-03-05', '0', 550.2, 0, 0, 0, 0, 0, ''),
(524, 1, '06.03.2013', '2013-03-06', '0', 0, 0, 0, 0, 0, 0, ''),
(525, 1, '07.03.2013', '2013-03-07', '0', 341.7, 0, 0, 0, 0, 0, ''),
(526, 1, '08.03.2013', '2013-03-08', '0', 0, 0, 0, 0, 0, 0, ''),
(527, 1, '09.03.2013', '2013-03-09', '0', 19.9, 0, 0, 2360.17, 0, 0, ''),
(528, 1, '10.03.2013', '2013-03-10', '0', 0, 0, 0, 0, 0, 0, ''),
(529, 1, '11.03.2013', '2013-03-11', '0', 2.9, 0, 0, 0, 0, 0, ''),
(530, 1, '12.03.2013', '2013-03-12', '0', 391.75, 0, 0, 0, 0, 0, ''),
(531, 1, '13.03.2013', '2013-03-13', '0', 0, 0, 0, 0, 0, 0, ''),
(532, 1, '14.03.2013', '2013-03-14', '0', 0, 0, 0, 0, 0, 0, ''),
(533, 1, '15.03.2013', '2013-03-15', '0', 0, 0, 0, 0, 0, 0, ''),
(534, 1, '16.03.2013', '2013-03-16', '0', 0, 0, 0, 0, 0, 0, ''),
(535, 1, '17.03.2013', '2013-03-17', '0', 0, 0, 0, 0, 0, 0, ''),
(536, 1, '18.03.2013', '2013-03-18', '0', 0, 0, 0, 0, 0, 0, ''),
(537, 1, '19.03.2013', '2013-03-19', '0', 0, 0, 0, 0, 0, 0, ''),
(538, 1, '20.03.2013', '2013-03-20', '0', 0, 0, 0, 0, 0, 0, ''),
(539, 1, '21.03.2013', '2013-03-21', '0', 0, 0, 0, 0, 0, 0, ''),
(540, 1, '22.03.2013', '2013-03-22', '0', 0, 0, 0, 0, 0, 0, ''),
(541, 1, '23.03.2013', '2013-03-23', '0', 0, 0, 0, 0, 0, 0, ''),
(542, 1, '24.03.2013', '2013-03-24', '0', 0, 0, 0, 0, 0, 0, ''),
(543, 1, '25.03.2013', '2013-03-25', '0', 2650.4, 0, 0, 0, 0, 0, ''),
(544, 1, '26.03.2013', '2013-03-26', '0', 0, 0, 0, 0, 0, 0, ''),
(545, 1, '27.03.2013', '2013-03-27', '0', 0, 0, 0, 0, 0, 0, ''),
(546, 1, '28.03.2013', '2013-03-28', '0', 0, 0, 0, 0, 0, 0, ''),
(547, 1, '29.03.2013', '2013-03-29', '0', 0, 0, 0, 0, 0, 0, ''),
(548, 1, '30.03.2013', '2013-03-30', '0', 0, 0, 0, 0, 0, 0, ''),
(549, 1, '31.03.2013', '2013-03-31', '0', 856.25, 0, 0, 0, 0, 0, ''),
(550, 1, '01.04.2013', '2013-04-01', '0', 0, 0, 0, 0, 0, 0, ''),
(551, 1, '02.04.2013', '2013-04-02', '0', 749.35, 0, 0, 0, 0, 0, ''),
(552, 1, '03.04.2013', '2013-04-03', '0', 0, 0, 0, 0, 0, 0, ''),
(553, 1, '04.04.2013', '2013-04-04', '0', 631.35, 0, 0, 0, 0, 0, ''),
(554, 1, '05.04.2013', '2013-04-05', '0', 343.8, 0, 0, 0, 0, 0, ''),
(555, 1, '06.04.2013', '2013-04-06', '0', 0, 0, 0, 0, 0, 0, ''),
(556, 1, '07.04.2013', '2013-04-07', '0', 0, 0, 0, 0, 0, 0, ''),
(557, 1, '08.04.2013', '2013-04-08', '0', 0, 0, 0, 0, 0, 0, ''),
(558, 1, '09.04.2013', '2013-04-09', '0', 0, 0, 0, 0, 0, 0, ''),
(559, 1, '10.04.2013', '2013-04-10', '0', 0, 0, 0, 0, 0, 0, ''),
(560, 1, '11.04.2013', '2013-04-11', '0', 0, 0, 0, 0, 0, 0, ''),
(561, 1, '12.04.2013', '2013-04-12', '0', 0, 0, 0, 0, 0, 0, ''),
(562, 1, '13.04.2013', '2013-04-13', '0', 0, 0, 0, 0, 0, 0, ''),
(563, 1, '14.04.2013', '2013-04-14', '0', 0, 0, 0, 0, 0, 0, ''),
(564, 1, '15.04.2013', '2013-04-15', '0', 0, 0, 0, 0, 0, 0, ''),
(565, 1, '16.04.2013', '2013-04-16', '0', 0, 0, 0, 0, 0, 0, ''),
(566, 1, '17.04.2013', '2013-04-17', '0', 267.6, 0, 0, 0, 0, 0, ''),
(567, 1, '18.04.2013', '2013-04-18', '0', 380, 0, 0, 0, 0, 0, ''),
(568, 1, '19.04.2013', '2013-04-19', '0', 0, 0, 0, 0, 0, 0, ''),
(569, 1, '20.04.2013', '2013-04-20', '0', 0, 0, 0, 0, 0, 0, ''),
(570, 1, '21.04.2013', '2013-04-21', '0', 0, 0, 0, 0, 0, 0, ''),
(571, 1, '22.04.2013', '2013-04-22', '0', 0, 0, 0, 0, 0, 0, ''),
(572, 1, '23.04.2013', '2013-04-23', '0', 0, 0, 0, 0, 0, 0, ''),
(573, 1, '24.04.2013', '2013-04-24', '0', 710.55, 0, 0, -90.94, 0, 0, ''),
(574, 1, '25.04.2013', '2013-04-25', '0', 510.05, 0, 0, 0, 0, 0, ''),
(575, 1, '26.04.2013', '2013-04-26', '0', 298.8, 0, 0, -90.94, 0, 0, ''),
(576, 1, '27.04.2013', '2013-04-27', '0', 0, 0, 0, 0, 0, 0, ''),
(577, 1, '28.04.2013', '2013-04-28', '0', 0, 0, 0, 0, 0, 0, ''),
(578, 1, '29.04.2013', '2013-04-29', '0', 0, 0, 0, 0, 0, 0, ''),
(579, 1, '30.04.2013', '2013-04-30', '0', 0, 0, 0, 0, 0, 0, ''),
(580, 1, '01.05.2013', '2013-05-01', '0', 0, 0, 0, 0, 0, 0, ''),
(581, 1, '02.05.2013', '2013-05-02', '0', 961.55, 0, 0, -944.24, 0, 0, ''),
(582, 1, '03.05.2013', '2013-05-03', '0', 895, 0, 0, 0, 0, 0, ''),
(583, 1, '04.05.2013', '2013-05-04', '0', 0, 0, 0, 0, 0, 0, ''),
(584, 1, '05.05.2013', '2013-05-05', '0', 0, 0, 0, 0, 0, 0, ''),
(585, 1, '06.05.2013', '2013-05-06', '0', 0, 0, 0, 0, 0, 0, ''),
(586, 1, '07.05.2013', '2013-05-07', '0', 0, 0, 0, 0, 0, 0, ''),
(587, 1, '08.05.2013', '2013-05-08', '0', 0, 0, 0, 0, 0, 0, ''),
(588, 1, '09.05.2013', '2013-05-09', '0', 0, 0, 0, 0, 0, 0, ''),
(589, 1, '10.05.2013', '2013-05-10', '0', 0, 0, 0, 0, 0, 0, ''),
(590, 1, '11.05.2013', '2013-05-11', '0', 0, 0, 0, 0, 0, 0, ''),
(591, 1, '12.05.2013', '2013-05-12', '0', 0, 0, 0, 0, 0, 0, ''),
(592, 1, '13.05.2013', '2013-05-13', '0', 0, 0, 0, 0, 0, 0, ''),
(593, 1, '14.05.2013', '2013-05-14', '0', 0, 0, 0, 0, 0, 0, ''),
(594, 1, '15.05.2013', '2013-05-15', '0', 0, 0, 0, 0, 0, 0, ''),
(595, 1, '16.05.2013', '2013-05-16', '0', 0, 0, 0, 0, 0, 0, ''),
(596, 1, '17.05.2013', '2013-05-17', '0', 0, 0, 0, 0, 0, 0, ''),
(597, 1, '18.05.2013', '2013-05-18', '0', 224.1, 0, 0, 3003.89, 0, 0, ''),
(598, 1, '19.05.2013', '2013-05-19', '0', 0, 0, 0, 0, 0, 0, ''),
(599, 1, '20.05.2013', '2013-05-20', '0', 74.5, 0, 0, 2428.64, 0, 0, ''),
(600, 1, '21.05.2013', '2013-05-21', '0', 0, 0, 0, 0, 0, 0, ''),
(601, 1, '22.05.2013', '2013-05-22', '0', 1015.95, 0, 0, 857.18, 0, 0, ''),
(602, 1, '23.05.2013', '2013-05-23', '0', 861.35, 0, 0, 0, 0, 0, ''),
(603, 1, '24.05.2013', '2013-05-24', '0', 565.9, 0, 0, 0, 0, 0, ''),
(604, 1, '25.05.2013', '2013-05-25', '0', 0, 0, 0, 0, 0, 0, ''),
(605, 1, '26.05.2013', '2013-05-26', '0', 410.9, 0, 0, 0, 0, 0, ''),
(606, 1, '27.05.2013', '2013-05-27', '0', 265.9, 0, 0, 857.18, 0, 0, ''),
(607, 1, '28.05.2013', '2013-05-28', '0', 0, 0, 0, 0, 0, 0, ''),
(608, 1, '29.05.2013', '2013-05-29', '0', 0, 0, 0, 0, 0, 0, ''),
(609, 1, '30.05.2013', '2013-05-30', '0', 429.15, 0, 0, 0, 0, 0, ''),
(610, 1, '31.05.2013', '2013-05-31', '0', 283.65, 0, 0, 0, 0, 0, ''),
(611, 1, '01.06.2013', '2013-06-01', '0', 237.45, 0, 0, 457.26, 0, 0, ''),
(612, 1, '02.06.2013', '2013-06-02', '0', 0, 0, 0, 0, 0, 0, ''),
(613, 1, '03.06.2013', '2013-06-03', '0', 630.85, 0, 0, 0, 0, 0, ''),
(614, 1, '04.06.2013', '2013-06-04', '0', 0, 0, 0, 0, 0, 0, ''),
(615, 1, '05.06.2013', '2013-06-05', '0', 0, 0, 0, 0, 0, 0, ''),
(616, 1, '06.06.2013', '2013-06-06', '0', 318.75, 0, 0, 52.26, 0, 0, ''),
(617, 1, '07.06.2013', '2013-06-07', '0', 28.75, 0, 0, 0, 0, 0, ''),
(618, 1, '08.06.2013', '2013-06-08', '0', 1208.95, 0, 0, 1388.23, 0, 0, ''),
(619, 1, '09.06.2013', '2013-06-09', '0', 0, 0, 0, 0, 0, 0, ''),
(620, 1, '10.06.2013', '2013-06-10', '0', 963.35, 0, 0, 0, 0, 0, ''),
(621, 1, '11.06.2013', '2013-06-11', '0', 827.2, 0, 0, 0, 0, 0, ''),
(622, 1, '12.06.2013', '2013-06-12', '0', 123.9, 0, 0, 0, 0, 0, ''),
(623, 1, '13.06.2013', '2013-06-13', '0', 82.9, 0, 0, 1074.83, 0, 0, ''),
(624, 1, '14.06.2013', '2013-06-14', '0', 0, 0, 0, 0, 0, 0, ''),
(625, 1, '15.06.2013', '2013-06-15', '0', 342.5, 0, 0, 574.33, 0, 0, ''),
(626, 1, '16.06.2013', '2013-06-16', '0', 0, 0, 0, 0, 0, 0, ''),
(1073, 1, '06.09.2014', '2014-09-06', '0', 0, 0, 0, 0, 0, 0, ''),
(1074, 1, '07.09.2014', '2014-09-07', '1', 7724.9, 0, 0, 0, 0, 0, ''),
(1075, 1, '08.09.2014', '2014-09-08', '1', 7562.65, 0, 0, 0, 0, 0, ''),
(1076, 1, '09.09.2014', '2014-09-09', '1', 7393.65, 0, 0, 0, 0, 0, ''),
(1077, 1, '10.09.2014', '2014-09-10', '1', 0, 0, 0, 0, 0, 0, ''),
(1078, 1, '11.09.2014', '2014-09-11', '1', 0, 0, 0, 0, 0, 0, ''),
(1079, 1, '12.09.2014', '2014-09-12', '1', 0, 0, 0, 0, 0, 0, ''),
(1080, 1, '13.09.2014', '2014-09-13', '1', 7201.9, 0, 0, 0, 0, 0, ''),
(1081, 1, '14.09.2014', '2014-09-14', '1', 6813.9, 0, 0, 0, 0, 0, ''),
(1082, 1, '15.09.2014', '2014-09-15', '1', 6787.9, 0, 0, 0, 0, 0, ''),
(1083, 1, '16.09.2014', '2014-09-16', '1', 6683.9, 0, 0, 0, 0, 0, ''),
(1084, 1, '17.09.2014', '2014-09-17', '1', 6571.25, 0, 0, 0, 0, 0, ''),
(1085, 1, '18.09.2014', '2014-09-18', '1', 0, 0, 0, 0, 0, 0, '-10690,70'),
(1086, 1, '19.09.2014', '2014-09-19', '1', 0, 0, 0, 0, 0, 0, ''),
(1087, 1, '20.09.2014', '2014-09-20', '1', 1086.25, 400, 0, 0, 0, 0, ''),
(1088, 1, '21.09.2014', '2014-09-21', '1', 1007.65, 400, 0, 0, 0, 0, ''),
(1089, 1, '22.09.2014', '2014-09-22', '1', 1017.65, 400, 0, 0, 0, 0, ''),
(1090, 1, '23.09.2014', '2014-09-23', '1', 602.15, 400, 0, 0, 0, 0, ''),
(1091, 1, '24.09.2014', '2014-09-24', '1', 551.7, 400, 0, 0, 0, 0, ''),
(1092, 1, '25.09.2014', '2014-09-25', '1', 0, 0, 0, 0, 0, 0, ''),
(1093, 1, '26.09.2014', '2014-09-26', '1', 0, 0, 0, 0, 0, 0, ''),
(1094, 1, '27.09.2014', '2014-09-27', '0', 501.7, 400, 0, 0, 0, 0, '');

-- --------------------------------------------------------

--
-- Структура таблицы `diarybookpayment`
--

CREATE TABLE `diarybookpayment` (
  `ID_DiaryBookPayment` int(11) NOT NULL,
  `ID_DiaryBook` int(11) DEFAULT NULL,
  `ID_Theme` int(11) DEFAULT NULL,
  `ID_TypePayment` int(11) DEFAULT NULL,
  `ID_SubTypePayment` int(11) DEFAULT NULL,
  `NoteForPayment` text NOT NULL,
  `Credit` text NOT NULL,
  `ID_Currency` int(11) DEFAULT NULL,
  `ID_Cash` int(11) DEFAULT NULL,
  `Price` float NOT NULL,
  `AmountOfGoods` float NOT NULL,
  `SumPayment` float NOT NULL,
  `ID_Relation` int(11) DEFAULT NULL,
  `ID_User` int(11) DEFAULT NULL
) ENGINE=InnoDB DEFAULT CHARSET=utf8;

--
-- Дамп данных таблицы `diarybookpayment`
--

INSERT INTO `diarybookpayment` (`ID_DiaryBookPayment`, `ID_DiaryBook`, `ID_Theme`, `ID_TypePayment`, `ID_SubTypePayment`, `NoteForPayment`, `Credit`, `ID_Currency`, `ID_Cash`, `Price`, `AmountOfGoods`, `SumPayment`, `ID_Relation`, `ID_User`) VALUES
(1, 1, 1, 18, 26, '', '1', 1, 1, 0, 0, 77.55, 0, 0),
(2, 1, 1, 18, 26, '', '1', 1, 2, 0, 0, 87.95, 0, 0),
(3, 1, 1, 18, 26, '', '1', 1, 3, 0, 0, 62.28, 0, 0),
(14, 3, 1, 19, 28, 'банкомат - Туполева, 24 (Фора K2H0)', '0', 1, 3, 0, 0, 60, 0, 0),
(15, 3, 1, 19, 27, 'банкомат - Туполева, 24 (Фора K2H0)', '0', 1, 2, 0, 0, 80, 0, 0),
(16, 3, 1, 5, 31, 'банкомат - Туполева, 24 (Фора K2H0)', '1', 1, 1, 0, 0, 60, 0, 0),
(17, 3, 1, 5, 30, 'банкомат - Туполева, 24 (Фора K2H0)', '1', 1, 1, 0, 0, 80, 0, 0),
(18, 3, 1, 20, 33, 'филе куринное', '0', 1, 1, 34, 1.265, 43, 0, 0),
(19, 3, 1, 20, 33, 'суп.набор куринный', '0', 1, 1, 0, 0, 4, 0, 0),
(20, 3, 1, 20, 34, '\"раст.масло, бут.,1л,  \"\"Олейна\"\"\"', '0', 1, 1, 12, 1, 12, 0, 0),
(21, 3, 1, 20, 35, 'помидоры', '0', 1, 1, 4, 2, 8, 0, 0),
(22, 3, 1, 20, 36, 'куринные', '0', 1, 1, 6, 1, 6, 0, 0),
(23, 3, 1, 20, 37, 'пак.,1кг,рис длиннозернистый,', '0', 1, 1, 12, 2, 24, 0, 0),
(24, 3, 1, 20, 35, 'лук репчатый', '0', 1, 1, 8, 0.5, 4, 0, 0),
(25, 3, 1, 20, 38, 'пангасиус', '0', 1, 1, 36, 1.85, 66.6, 0, 0),
(26, 3, 1, 20, 35, 'чеснок, шт.', '0', 1, 1, 2, 2, 4, 0, 0),
(27, 3, 1, 21, 39, '\"семечки, пак.,240г, \"\"Семки\"\"\"', '0', 1, 1, 6.2, 1, 6.2, 0, 0),
(28, 3, 1, 20, 40, 'сметана, пак.,400г,15%', '0', 1, 1, 9.8, 1, 9.8, 0, 0),
(29, 3, 1, 18, 26, 'ошибка при подсчете', '0', 1, 1, 0, 0, 11.25, 0, 0),
(30, 1, 0, 0, 0, '', '0', 1, 4, 0, 0, 2470.14, 0, 0),
(32, 4, 1, 9, 41, 'маршрутка', '0', 1, 1, 3, 1, 3, 0, 0),
(33, 5, 1, 9, 41, 'маршрутка', '0', 1, 1, 2.5, 1, 2.5, 0, 0),
(34, 5, 1, 3, 6, 'ошибка при подсчете', '1', 1, 1, 0, 0, 2.5, 0, 0),
(39, 8, 1, 1, 1, 'ЗП - за 09.2011', '1', 1, 2, 4161.48, 1, 4161.48, 0, 0),
(40, 8, 1, 11, 42, 'комм. - за 09.2011', '0', 1, 2, 229.74, 1, 229.74, 0, 0),
(41, 8, 1, 11, 43, 'Киевэнерго - за 09.2011', '0', 1, 2, 55.16, 1, 55.16, 0, 0),
(42, 8, 1, 11, 44, 'Воля (ТВ-И) - за 09.2011', '0', 1, 2, 169.9, 1, 169.9, 0, 0),
(43, 8, 1, 11, 45, 'Укртелеком - за 09.2011', '0', 1, 2, 46.5, 1, 46.5, 0, 0),
(44, 8, 1, 11, 46, 'Portmone(абонплата) - за 09.2011', '0', 1, 2, 9.9, 1, 9.9, 0, 0),
(45, 8, 1, 2, 3, 'ПФ - на 10.2011', '1', 1, 3, 784, 1, 784, 0, 0),
(46, 8, 1, 19, 27, 'банкомат - Шевцова, 1(админ.)', '0', 1, 2, 0, 0, 2000, 0, 0),
(47, 8, 1, 19, 27, 'банкомат - Шевцова, 1(админ.)', '0', 1, 2, 0, 0, 1500, 0, 0),
(48, 8, 1, 5, 30, 'банкомат - Шевцова, 1(админ.)', '1', 1, 1, 0, 0, 2000, 0, 0),
(49, 8, 1, 5, 30, 'банкомат - Шевцова, 1(админ.)', '1', 1, 1, 0, 0, 1500, 0, 0),
(50, 8, 1, 9, 47, 'маршрутка', '0', 1, 1, 3, 1, 3, 0, 0),
(51, 9, 1, 22, 48, 'кофе молотый,пак.,250г, Espresso', '0', 1, 1, 23, 1, 23, 0, 0),
(52, 9, 1, 20, 49, 'чай зеленый, банк.,200г, Хайсон', '0', 1, 1, 31, 1, 31, 0, 0),
(53, 9, 1, 20, 35, 'помидоры', '0', 1, 1, 5, 3, 15, 0, 0),
(54, 9, 1, 20, 35, 'морковь', '0', 1, 1, 15, 1, 15, 0, 0),
(55, 9, 1, 20, 40, 'творог домашн.', '0', 1, 1, 30, 1, 30, 0, 0),
(56, 9, 1, 15, 51, '\"кассета \"\"Барьер\"\"\"', '0', 1, 1, 50, 1, 50, 0, 0),
(57, 9, 1, 25, 66, 'за смену Матвееву (17.09.11 Сб.)', '0', 1, 1, 500, 1, 500, 0, 0),
(58, 9, 1, 3, 6, 'ошибка при подсчете', '1', 1, 1, 0, 0, 8.5, 0, 0),
(59, 9, 1, 11, 53, '\"ТОВ \"\"Арена дверей\"\"\"', '0', 1, 3, 28.5, 1.105, 31.5, 0, 0),
(60, 10, 1, 23, 58, 'шар.,50мл, Avon', '0', 1, 1, 15, 2, 30, 0, 0),
(61, 10, 1, 20, 59, 'яблоки', '0', 1, 1, 10, 2.19, 21.9, 0, 0),
(62, 10, 1, 22, 61, 'бут.,1,5л, напиток Spring', '0', 1, 1, 9, 1, 9, 0, 0),
(63, 10, 1, 22, 62, 'сметанник', '0', 1, 1, 0, 0, 30.2, 0, 0),
(64, 10, 1, 24, 63, 'LondaColor(19)', '0', 1, 1, 21.5, 0.07, 1.5, 0, 0),
(65, 10, 1, 28, 64, 'пачк.,20шт.,Camel', '0', 1, 1, 10.5, 1, 10.5, 0, 0),
(66, 11, 1, 25, 67, 'порц.,100г, Хортыця+запивон', '0', 1, 1, 9, 2, 18, 0, 0),
(67, 11, 1, 20, 33, 'филе куринное', '0', 1, 1, 36.5, 1.222, 44.6, 0, 0),
(68, 11, 1, 20, 38, 'пангасиус', '0', 1, 1, 32.5, 1.415, 46, 0, 0),
(69, 11, 1, 20, 38, 'банк.,240г, сардины', '0', 1, 1, 7.2, 2, 14.4, 0, 0),
(70, 11, 1, 20, 37, 'пак.,1кг,гречка', '0', 1, 1, 14, 1, 14, 0, 0),
(71, 11, 1, 20, 68, 'бат.,Украинский', '0', 1, 1, 4, 1, 4, 0, 0),
(72, 11, 1, 20, 38, 'мойва копч.', '0', 1, 1, 50, 0.3, 15, 0, 0),
(73, 11, 1, 20, 36, 'куринные', '0', 1, 1, 9, 1, 9, 0, 0),
(74, 11, 1, 20, 36, 'уп.,10шт., перепелинные', '0', 1, 1, 10, 1, 10, 0, 0),
(75, 11, 1, 20, 70, 'пакет', '0', 1, 1, 2, 1, 2, 0, 0),
(76, 11, 1, 20, 70, 'коробка под яйца', '0', 1, 1, 1.5, 1, 1.5, 0, 0),
(77, 11, 1, 23, 71, 'уп.,2шт., Gillette Mach3', '0', 1, 1, 44, 1, 44, 0, 0),
(78, 11, 1, 16, 23, 'бан.,10мл, Тизин', '0', 1, 1, 24, 1, 24, 0, 0),
(79, 11, 1, 21, 72, 'пак.,400г, майонез Европейский 72%', '0', 1, 1, 10, 1, 10, 0, 0),
(80, 11, 1, 23, 65, '\"бут.,75мл,  Avon \"\"Up To You\"\"\"', '0', 1, 1, 90, 1, 90, 0, 0),
(81, 11, 1, 25, 67, 'бут.,0.250л, Хортыця', '0', 1, 1, 18.3, 1, 18.3, 0, 0),
(82, 20, 1, 9, 47, 'маршрутка', '0', 1, 1, 3, 1, 3, 0, 0),
(83, 21, 1, 22, 48, 'кофе,автомат', '0', 1, 1, 3.5, 1, 3.5, 0, 0),
(85, 21, 1, 9, 47, 'маршрутка', '0', 1, 1, 3, 1, 3, 0, 0),
(86, 19, 1, 20, 73, '…', '0', 1, 1, 0, 0, 65.1, 0, 0),
(87, 19, 1, 16, 22, 'кор.,20табл.,200мг,карбамазепин,Астрафам', '0', 1, 1, 7.7, 5, 38.5, 0, 0),
(88, 12, 1, 24, 74, 'туалетная вода (торба)', '0', 1, 1, 70, 1, 70, 0, 0),
(89, 22, 1, 20, 73, '…', '0', 1, 1, 0, 0, 147.5, 0, 0),
(90, 22, 1, 28, 64, 'пачк.,20шт.,Прилуки', '0', 1, 1, 7, 2, 14, 0, 0),
(91, 12, 1, 28, 64, 'пачк.,20шт.,Camel', '0', 1, 1, 10.5, 1, 10.5, 0, 0),
(93, 13, 1, 28, 64, 'пачк.,20шт.,Camel', '0', 1, 1, 10.5, 1, 10.5, 0, 0),
(94, 14, 1, 28, 64, 'пачк.,20шт.,Camel', '0', 1, 1, 10.5, 1, 10.5, 0, 0),
(95, 15, 1, 28, 64, 'пачк.,20шт.,Camel', '0', 1, 1, 10.5, 1, 10.5, 0, 0),
(96, 16, 1, 28, 64, 'пачк.,20шт.,Camel', '0', 1, 1, 10.5, 1, 10.5, 0, 0),
(97, 17, 1, 28, 64, 'пачк.,20шт.,Camel', '0', 1, 1, 10.5, 1, 10.5, 0, 0),
(98, 18, 1, 28, 64, 'пачк.,20шт.,Camel', '0', 1, 1, 10.5, 1, 10.5, 0, 0),
(99, 18, 1, 20, 73, '…', '0', 1, 1, 0, 0, 150, 0, 0),
(100, 18, 1, 25, 75, '09.10.11-16.10.11 (8 дней)', '0', 1, 1, 0, 0, 1635.8, 0, 0),
(101, 25, 1, 9, 47, 'маршрутка', '0', 1, 1, 2.5, 1, 2.5, 0, 0),
(102, 25, 1, 20, 38, 'мойва копч.', '0', 1, 1, 28.5, 0.8, 22.8, 0, 0),
(103, 25, 1, 20, 68, 'бат.,Украинский', '0', 1, 1, 4, 1, 4, 0, 0),
(104, 25, 1, 20, 70, 'пакет', '0', 1, 1, 1, 1, 1, 0, 0),
(105, 25, 1, 20, 35, 'помидоры', '0', 1, 1, 7, 2.429, 17, 0, 0),
(106, 25, 1, 22, 48, 'кофе молотый,пак.,250г, Espresso', '0', 1, 1, 23, 1, 23, 0, 0),
(107, 23, 1, 9, 47, 'маршрутка', '0', 1, 1, 3, 1, 3, 0, 0),
(108, 24, 1, 22, 48, 'кофе,автомат', '0', 1, 1, 3.5, 1.943, 6.8, 0, 0),
(109, 24, 1, 22, 48, 'пак.,Черн.карта', '0', 1, 1, 2.05, 3, 6.15, 0, 0),
(110, 24, 1, 28, 64, 'пачк.,20шт.,ВатраПремиум', '0', 1, 1, 7.5, 2, 15, 0, 0),
(111, 20, 1, 19, 28, 'ПЕРЕВОД ЛИЧНЫХ СРЕДСТВ', '0', 1, 3, 180, 1.001, 180.1, 0, 0),
(112, 20, 1, 5, 32, 'ПЕРЕВОД ЛИЧНЫХ СРЕДСТВ', '1', 1, 4, 0, 0, 180, 0, 0),
(113, 20, 1, 19, 28, '', '0', 1, 3, 0, 0, 3.35, 0, 0),
(114, 26, 1, 22, 62, 'сметанник', '0', 1, 1, 40, 0.602, 24.1, 0, 0),
(115, 26, 1, 28, 64, 'пачк.,20шт.,ВатраПремиум', '0', 1, 1, 7.5, 0, 20, 0, 0),
(116, 27, 1, 19, 28, 'банкомат - Туполева, 24 (Фора K2H0)', '0', 1, 3, 0, 0, 200, 0, 0),
(117, 27, 1, 5, 31, 'банкомат - Туполева, 24 (Фора K2H0)', '1', 1, 1, 0, 0, 200, 0, 0),
(118, 27, 1, 23, 76, '', '0', 1, 1, 45, 1.111, 50, 0, 0),
(119, 28, 1, 28, 64, 'пачк.,20шт.,ВатраПремиум', '0', 1, 1, 7.5, 2, 15, 0, 0),
(120, 28, 1, 20, 77, 'пельмени', '0', 1, 1, 16, 0.938, 15, 0, 0),
(121, 28, 1, 20, 59, 'яблоки', '0', 1, 1, 10, 2, 20, 0, 0),
(122, 28, 1, 20, 35, 'картофель', '0', 1, 1, 0, 0, 9.95, 0, 0),
(123, 28, 1, 20, 36, 'куринные', '0', 1, 1, 9, 1.111, 10, 0, 0),
(124, 28, 1, 20, 68, 'бат.,Украинский', '0', 1, 1, 4, 1, 4, 0, 0),
(125, 28, 1, 9, 47, 'маршрутка', '0', 1, 1, 3, 1, 3, 0, 0),
(126, 29, 1, 9, 47, 'маршрутка', '0', 1, 1, 3, 1, 3, 0, 0),
(127, 29, 1, 28, 64, 'пачк.,20шт.,ВатраПремиум', '0', 1, 1, 7.5, 2, 15, 0, 0),
(129, 29, 1, 5, 30, 'ПОПОЛНЕНИЕ БАНК', '1', 1, 2, 0, 0, 0.03, 0, 0),
(130, 30, 1, 28, 64, 'пачк.,20шт.,ВатраПремиум', '0', 1, 1, 7.5, 2, 15, 0, 0),
(131, 30, 1, 20, 33, 'филе куринное', '0', 1, 1, 34.9, 1.032, 36, 0, 0),
(132, 30, 1, 20, 35, 'лук репчатый', '0', 1, 1, 8, 0.912, 7.3, 0, 0),
(133, 30, 1, 20, 59, 'лимоны', '0', 1, 1, 0, 0, 1.8, 0, 0),
(134, 30, 1, 20, 78, 'пак,1кг,соль поваренная', '0', 1, 1, 2.5, 1, 2.5, 0, 0),
(135, 31, 1, 4, 7, 'Савенко Володя: на кофе', '1', 1, 1, 0, 0, 3, 0, 0),
(136, 31, 1, 9, 47, 'маршрутка', '0', 1, 1, 3, 1, 3, 0, 0),
(137, 31, 1, 22, 48, 'кофе,автомат', '0', 1, 1, 3.5, 1, 3.5, 0, 0),
(138, 32, 1, 9, 47, 'маршрутка', '0', 1, 1, 3, 1, 3, 0, 0),
(139, 31, 1, 28, 64, 'пачк.,20шт.,ВатраПремиум', '0', 1, 1, 7.5, 1, 7.5, 0, 0),
(140, 32, 1, 19, 27, 'СПИСАНИЕ БАНК', '0', 1, 2, 0, 0, 5, 0, 0),
(143, 33, 1, 22, 48, 'кофе готовый натуральный', '0', 1, 1, 4, 1, 4, 0, 0),
(144, 32, 1, 9, 47, 'маршрутка', '0', 1, 1, 3, 1, 3, 0, 0),
(146, 33, 1, 28, 64, 'пачк.,20шт.,ВатраПремиум', '0', 1, 1, 7.5, 1, 7.5, 0, 0),
(147, 33, 1, 15, 79, 'Amway,Sa8(color),3кг', '0', 1, 1, 240, 1, 240, 0, 0),
(148, 32, 1, 19, 28, 'банкомат - ЩЕРБАКОВА, 53 ОТДЕЛЕНИЕ БАНКА 59 K2H0', '0', 1, 3, 0, 0, 300, 0, 0),
(149, 32, 1, 5, 31, 'банкомат(sv) - ЩЕРБАКОВА, 53 ОТДЕЛЕНИЕ БАНКА 59 K2H0', '1', 1, 1, 0, 0, 300, 0, 0),
(153, 34, 1, 5, 31, 'банкомат - Туполева, 24 (Фора K2H0)', '1', 1, 1, 0, 0, 60, 0, 0),
(154, 34, 1, 19, 28, 'банкомат - Туполева, 24 (Фора K2H0)', '0', 1, 3, 0, 0, 60, 0, 0),
(155, 34, 1, 20, 33, 'филе куринное', '0', 1, 1, 34.3, 1.146, 39.3, 0, 0),
(156, 34, 1, 20, 34, '\"раст.масло, бут.,1л,  \"\"Олейна\"\"\"', '0', 1, 1, 14.8, 1, 14.8, 0, 0),
(157, 34, 1, 28, 64, 'пачк.,20шт.,ВатраПремиум', '0', 1, 1, 7.5, 2, 15, 0, 0),
(158, 34, 1, 22, 48, 'кофе молотый,пак.,240г, КаваЗіЛьвова', '0', 1, 1, 22, 1, 22, 0, 0),
(159, 34, 1, 20, 36, 'куринные', '0', 1, 1, 10, 1, 10, 0, 0),
(160, 34, 1, 20, 68, 'бат.,Украинский', '0', 1, 1, 4, 1, 4, 0, 0),
(161, 34, 1, 22, 48, 'кофе готовый натуральный', '0', 1, 1, 4.5, 1, 4.5, 0, 0),
(162, 35, 1, 4, 7, 'Светик: предложила, денег у меня нет', '1', 1, 1, 0, 0, 50, 0, 0),
(165, 36, 1, 16, 23, 'бан.,10мл, Отривін', '0', 1, 1, 32.78, 1, 32.78, 0, 0),
(166, 36, 1, 28, 64, 'пачк.,20шт.,Прилуки', '0', 1, 1, 7, 1, 7, 0, 0),
(203, 36, 1, 9, 47, 'маршрутка', '0', 1, 1, 2.5, 1, 2.5, 0, 0),
(204, 36, 1, 28, 64, 'пачк.,20шт.,ВатраПремиум', '0', 1, 1, 7.5, 1, 7.5, 0, 0),
(205, 37, 1, 28, 64, 'пачк.,20шт.,ВатраПремиум', '0', 1, 1, 7.5, 2, 15, 0, 0),
(207, 37, 1, 9, 47, 'маршрутка', '0', 1, 1, 3, 1, 3, 0, 0),
(214, 37, 1, 14, 21, 'Светик: предложила, денег у меня нет', '0', 1, 1, 0, 0, 50, 0, 0),
(216, 37, 1, 14, 20, 'Светик: банкомат(4197)-ЩЕРБАКОВА, 68 БУМИ-МАРКЕТ K2H0', '0', 1, 4, 200, 1.05, 210, 0, 0),
(217, 37, 1, 19, 27, 'банкомат - Шевцова, 1(прод.)', '0', 1, 2, 0, 0, 150, 0, 0),
(218, 37, 1, 5, 30, 'банкомат - Шевцова, 1(прод.)', '1', 1, 1, 0, 0, 150, 0, 0),
(219, 33, 1, 19, 29, 'процентная ставка по потребительским кредитам (2,9974218%)', '0', 1, 4, 2498.14, 0.026, 64.64, 0, 0),
(220, 37, 1, 23, 81, 'ЗубнаяЩеткаOriflame(походная)', '0', 1, 1, 7, 1.429, 10, 0, 0),
(221, 37, 1, 23, 81, 'тамп.ушные', '0', 1, 1, 2.5, 2, 5, 0, 0),
(222, 38, 1, 9, 41, 'маршрутка', '0', 1, 1, 2.5, 2, 5, 0, 0),
(223, 38, 1, 22, 48, 'кофе готовый натуральный', '0', 1, 1, 5, 2, 10, 0, 0),
(224, 38, 1, 20, 35, 'лук репчатый', '0', 1, 1, 4, 2, 8, 0, 0),
(225, 38, 1, 20, 35, 'морковь', '0', 1, 1, 8, 0.5, 4, 0, 0),
(226, 38, 1, 20, 68, 'бат.,Украинский', '0', 1, 1, 4.5, 1, 4.5, 0, 0),
(227, 38, 1, 22, 82, 'майонез,400г,72%,Европейский', '0', 1, 1, 18, 1, 18, 0, 0),
(228, 38, 1, 20, 83, 'макароны,пак.,1кг', '0', 1, 1, 10, 1, 10, 0, 0),
(229, 38, 1, 20, 40, 'молоко,пак.,1кг,2,5%', '0', 1, 1, 10, 1, 10, 0, 0),
(230, 33, 1, 14, 20, 'Светик: за Sa8(color) - остаток с 250грн.', '0', 1, 1, 200, 0, 10, 0, 0),
(235, 38, 1, 4, 8, 'Светик: банкомат(4197)-ЩЕРБАКОВА, 68 БУМИ-МАРКЕТ K2H0', '1', 1, 1, 0, 0, 5, 0, 0),
(236, 38, 1, 4, 8, 'Светик: за Sa8(color) - остаток с 250грн.', '1', 1, 1, 0, 0, 10, 0, 0),
(237, 40, 1, 1, 1, 'ЗП - за 10.2011', '1', 1, 2, 4161.48, 1, 4161.48, 0, 0),
(239, 40, 1, 19, 29, 'ВЫДАЧА НАЛИЧНЫХ ДЕНЕГ БАНКОМАТ 2680 УЛ.ТУПОЛЕВА, 24 МАРКЕТ ^ФОРА^', '0', 1, 4, 80, 1.062, 85, 0, 0),
(240, 40, 1, 19, 29, 'ВЫДАЧА НАЛИЧНЫХ ДЕНЕГ БАНКОМАТ 2680 УЛ.ТУПОЛЕВА, 24 МАРКЕТ ^ФОРА^', '0', 1, 4, 80, 1.062, 85, 0, 0),
(241, 41, 1, 19, 29, 'ВЫДАЧА НАЛИЧНЫХ ДЕНЕГ БАНКОМАТ 2680 УЛ.ТУПОЛЕВА, 24 МАРКЕТ ^ФОРА^', '0', 1, 4, 100, 1.1, 110, 0, 0),
(243, 41, 1, 19, 29, 'ВЫДАЧА НАЛИЧНЫХ ДЕНЕГ БАНКОМАТ 2680 УЛ.ТУПОЛЕВА, 24 МАРКЕТ ^ФОРА^', '0', 1, 4, 100, 1.1, 110, 0, 0),
(244, 39, 1, 19, 29, 'ВЫДАЧА НАЛИЧНЫХ ДЕНЕГ БАНКОМАТ 2680 УЛ.ТУПОЛЕВА, 24 МАРКЕТ ^ФОРА^', '0', 1, 4, 40, 1.125, 45, 0, 0),
(245, 39, 1, 19, 29, 'ВЫДАЧА НАЛИЧНЫХ ДЕНЕГ БАНКОМАТ 2680 УЛ.ТУПОЛЕВА, 24 МАРКЕТ ^ФОРА^', '0', 1, 4, 40, 1.125, 45, 0, 0),
(246, 39, 1, 5, 32, 'ВЫДАЧА НАЛИЧНЫХ ДЕНЕГ БАНКОМАТ 2680 УЛ.ТУПОЛЕВА, 24 МАРКЕТ ^ФОРА^', '1', 1, 1, 0, 0, 40, 0, 0),
(247, 39, 1, 5, 32, 'ВЫДАЧА НАЛИЧНЫХ ДЕНЕГ БАНКОМАТ 2680 УЛ.ТУПОЛЕВА, 24 МАРКЕТ ^ФОРА^', '1', 1, 1, 0, 0, 40, 0, 0),
(248, 40, 1, 5, 32, 'ВЫДАЧА НАЛИЧНЫХ ДЕНЕГ БАНКОМАТ 2680 УЛ.ТУПОЛЕВА, 24 МАРКЕТ ^ФОРА^', '1', 1, 1, 0, 0, 80, 0, 0),
(249, 40, 1, 5, 32, 'ВЫДАЧА НАЛИЧНЫХ ДЕНЕГ БАНКОМАТ 2680 УЛ.ТУПОЛЕВА, 24 МАРКЕТ ^ФОРА^', '1', 1, 1, 0, 0, 80, 0, 0),
(250, 41, 1, 5, 32, 'ВЫДАЧА НАЛИЧНЫХ ДЕНЕГ БАНКОМАТ 2680 УЛ.ТУПОЛЕВА, 24 МАРКЕТ ^ФОРА^', '1', 1, 1, 0, 0, 100, 0, 0),
(251, 41, 1, 5, 32, 'ВЫДАЧА НАЛИЧНЫХ ДЕНЕГ БАНКОМАТ 2680 УЛ.ТУПОЛЕВА, 24 МАРКЕТ ^ФОРА^', '1', 1, 1, 0, 0, 100, 0, 0),
(252, 39, 1, 28, 64, 'пачк.,20шт.,Прилуки', '0', 1, 1, 7, 1, 7, 0, 0),
(253, 40, 1, 28, 64, 'пачк.,20шт.,Прилуки', '0', 1, 1, 7, 1, 7, 0, 0),
(254, 41, 1, 28, 64, 'пачк.,20шт.,Прилуки', '0', 1, 1, 7, 1, 7, 0, 0),
(255, 39, 1, 20, 73, '…', '0', 1, 1, 0, 0, 70, 0, 0),
(262, 43, 1, 11, 42, 'комм. - за 10.2011', '0', 1, 2, 246.37, 1, 246.37, 0, 0),
(263, 43, 1, 11, 43, 'Киевэнерго - за 10.2011', '0', 1, 2, 74.49, 1, 74.49, 0, 0),
(264, 43, 1, 11, 44, 'Воля (ТВ-И) - за 10.2011', '0', 1, 2, 169.9, 1, 169.9, 0, 0),
(265, 43, 1, 11, 45, 'Укртелеком - за 10.2011', '0', 1, 2, 36.94, 1, 36.94, 0, 0),
(266, 43, 1, 11, 46, 'Portmone(абонплата) - за 10.2011', '0', 1, 2, 9.9, 1, 9.9, 0, 0),
(267, 43, 1, 11, 85, '+380963579932', '0', 1, 2, 30, 1, 30, 0, 0),
(268, 40, 1, 2, 3, 'ПФ - на 11.2011', '1', 1, 3, 784, 1, 784, 0, 0),
(269, 43, 1, 19, 28, 'банкомат - Туполева, 24 (Фора K2H0)', '0', 1, 3, 0, 0, 300, 0, 0),
(270, 43, 1, 5, 31, 'банкомат - Туполева, 24 (Фора K2H0)', '1', 1, 1, 0, 0, 300, 0, 0),
(271, 43, 1, 16, 22, 'кор.,30табл.,24мг,Вестирорм,Фармак', '0', 1, 1, 59.54, 0.9, 53.59, 0, 0),
(272, 43, 1, 23, 81, 'тюб,100мл,ColgateTotalPropolis', '0', 1, 1, 20.7, 1.8, 37.27, 0, 0),
(273, 43, 1, 20, 73, '…', '0', 1, 1, 0, 0, 135.75, 0, 0),
(274, 41, 1, 25, 75, '07.11.11-09.11.11 (3 дня)', '0', 1, 1, 0, 0, 338.12, 0, 0),
(276, 43, 1, 4, 8, 'Светик: банкомат(4197)-ЩЕРБАКОВА, 68 БУМИ-МАРКЕТ K2H0', '1', 1, 1, 0, 0, 200, 0, 0),
(277, 43, 1, 4, 8, 'Светик: банкомат(4197)-ЩЕРБАКОВА, 68 БУМИ-МАРКЕТ K2H0', '1', 1, 1, 0, 0, 5, 0, 0),
(278, 43, 1, 23, 71, 'бан.,200мл,ГельПослеБритья,Avon', '0', 1, 1, 45, 1, 50, 0, 0),
(279, 43, 1, 23, 81, 'Пемза,Фмщт', '0', 1, 1, 5, 1, 5, 0, 0),
(280, 45, 1, 19, 27, 'банкомат - Шевцова, 1(админ.)', '0', 1, 2, 0, 0, 300, 0, 0),
(281, 45, 1, 5, 30, 'банкомат - Шевцова, 1(админ.)', '1', 1, 1, 0, 0, 300, 0, 0),
(282, 44, 1, 3, 5, 'нашел', '1', 1, 1, 0, 0, 10, 0, 0),
(283, 44, 1, 9, 47, 'такси', '0', 1, 1, 35, 1, 35, 0, 0),
(284, 44, 1, 22, 48, 'кофе,автомат', '0', 1, 1, 3.5, 1, 3.5, 0, 0),
(285, 45, 1, 20, 35, 'картофель', '0', 1, 1, 4, 3, 12, 0, 0),
(286, 45, 1, 20, 35, 'капуста(вашеная)', '0', 1, 1, 15, 1, 15, 0, 0),
(287, 45, 1, 20, 70, 'пакет', '0', 1, 1, 2.5, 1, 2.5, 0, 0),
(288, 45, 1, 20, 35, 'капуста(цветная)', '0', 1, 1, 13, 1.308, 17, 0, 0),
(289, 45, 1, 20, 33, 'суп.набор куринный', '0', 1, 1, 6.5, 0.769, 5, 0, 0),
(290, 45, 1, 20, 33, 'филе куринное', '0', 1, 1, 37.5, 1.2, 45, 0, 0),
(291, 45, 1, 20, 36, 'куринные', '0', 1, 1, 10, 1.2, 12, 0, 0),
(292, 45, 1, 20, 38, 'пангасиус', '0', 1, 1, 34.5, 1.7, 58.65, 0, 0),
(293, 45, 1, 20, 40, 'сметана, пак.,400г,15%', '0', 1, 1, 9.8, 1, 9.8, 0, 0),
(299, 44, 1, 1, 2, 'смены - Бурмистров', '1', 1, 1, 500, 2, 1000, 0, 0),
(300, 44, 1, 25, 66, 'за смену Березаню (11.10.11 Вт.)', '0', 1, 1, 540, 1, 540, 0, 0),
(301, 44, 1, 25, 66, 'за смену Березаню (15.10.11 Сб.)', '0', 1, 1, 540, 1, 540, 0, 0),
(302, 46, 1, 16, 22, 'Карбамазепин,кор.,20табл.,200мг', '0', 1, 1, 10.55, 5, 52.75, 0, 0),
(303, 46, 1, 16, 23, 'Тизин,бан.,10мл', '0', 1, 1, 26.49, 1, 26.49, 0, 0),
(304, 46, 1, 16, 23, 'Донормил,бан.,30табл.', '0', 1, 1, 40.3, 1, 40.3, 0, 0),
(305, 46, 1, 23, 81, 'HeadShoulders,шампунь,200мл', '0', 1, 1, 27.17, 1, 27.17, 0, 0),
(306, 46, 1, 22, 48, 'кофе готовый натуральный', '0', 1, 1, 6.5, 1, 6.5, 0, 0),
(307, 46, 1, 20, 40, 'молоко,пак.,1кг,2,5%', '0', 1, 1, 9, 2, 18, 0, 0),
(308, 46, 1, 28, 64, 'пачк.,20шт.,Camel', '0', 1, 1, 10.5, 1, 10.5, 0, 0),
(309, 46, 1, 22, 82, 'майонез,400г,72%,Европейский', '0', 1, 1, 15, 1, 15, 0, 0),
(310, 46, 1, 3, 6, 'ошибка при подсчете', '1', 1, 1, 0, 0, 5.09, 0, 0),
(311, 47, 1, 28, 64, 'пачк.,20шт.,Camel', '0', 1, 1, 10.5, 1, 10.5, 0, 0),
(312, 48, 1, 28, 64, 'пачк.,20шт.,ВатраПремиум', '0', 1, 1, 7.5, 2, 15, 0, 0),
(313, 49, 1, 19, 29, 'погашение кредита', '0', 1, 1, 0, 0, 2800, 0, 0),
(314, 48, 1, 19, 27, 'банкомат - Шевцова, 1(админ.)', '0', 1, 2, 0, 0, 2000, 0, 0),
(316, 48, 1, 19, 27, 'банкомат - Шевцова, 1(админ.)', '0', 1, 2, 0, 0, 1290, 0, 0),
(317, 48, 1, 5, 30, 'банкомат - Шевцова, 1(админ.)', '1', 1, 1, 0, 0, 2000, 0, 0),
(318, 48, 1, 5, 30, 'банкомат - Шевцова, 1(админ.)', '1', 1, 1, 0, 0, 1290, 0, 0),
(319, 48, 1, 22, 48, 'кофе,автомат', '0', 1, 1, 3.5, 2, 7, 0, 0),
(320, 49, 1, 5, 32, 'погашение кредита', '1', 1, 4, 0, 0, 2800, 0, 0),
(321, 49, 1, 9, 41, 'метро', '0', 1, 1, 2, 2, 4, 0, 0),
(322, 49, 1, 12, 15, 'АОН МЭЛТ-3300', '0', 1, 1, 100, 1, 100, 0, 0),
(323, 49, 1, 20, 59, 'яблоки', '0', 1, 1, 11, 2.236, 24.6, 0, 0),
(324, 49, 1, 20, 59, 'лимоны', '0', 1, 1, 0, 0, 9.4, 0, 0),
(325, 49, 1, 20, 40, 'молоко,пак.,1кг,2,5%', '0', 1, 1, 8, 2, 16, 0, 0),
(326, 49, 1, 28, 64, 'пачк.,20шт.,Chesterfield', '0', 1, 1, 8, 4, 32, 0, 0),
(327, 49, 1, 22, 48, 'кофе,автомат', '0', 1, 1, 3.5, 1, 3.5, 0, 0),
(328, 49, 1, 22, 48, 'кофе готовый растворимый', '0', 1, 1, 3, 1, 3, 0, 0),
(329, 49, 1, 9, 41, 'маршрутка', '0', 1, 1, 2.5, 1, 2.5, 0, 0),
(330, 49, 1, 18, 26, '', '0', 1, 1, 0, 0, 3.06, 0, 0),
(331, 50, 1, 9, 41, 'метро', '0', 1, 1, 2, 2, 4, 0, 0),
(332, 50, 1, 12, 15, 'Радиотелефон KX-TGA1311UA', '0', 1, 1, 100, 1, 100, 0, 0),
(333, 50, 1, 28, 64, 'пачк.,20шт.,Camel', '0', 1, 1, 11, 1, 11, 0, 0),
(334, 50, 1, 20, 34, '\"раст.масло, бут.,1л,  \"\"Чумак\"\"\"', '0', 1, 1, 18.5, 1, 18.5, 0, 0),
(335, 50, 1, 20, 40, 'молоко,пак.,1кг,2,5%', '0', 1, 1, 8.2, 2, 16.4, 0, 0),
(336, 50, 1, 20, 68, 'бат.,Украинский', '0', 1, 1, 4.4, 1, 4.4, 0, 0),
(337, 50, 1, 9, 41, 'маршрутка', '0', 1, 1, 2.5, 2, 5, 0, 0),
(338, 50, 1, 21, 39, '\"семечки, пак.,240г, \"\"Семки\"\"\"', '0', 1, 1, 6.2, 1, 6.2, 0, 0),
(339, 51, 1, 23, 81, 'МочалкаOriflame', '0', 1, 1, 15, 2, 30, 0, 0),
(340, 51, 1, 23, 81, 'МылоOriflame', '0', 1, 1, 10, 1, 10, 0, 0),
(341, 51, 1, 24, 63, 'сдача', '0', 1, 1, 0, 0, 10, 0, 0),
(342, 52, 1, 9, 47, 'маршрутка', '0', 1, 1, 3, 1, 3, 0, 0),
(343, 53, 1, 9, 47, 'маршрутка', '0', 1, 1, 3, 1, 3, 0, 0),
(344, 52, 1, 28, 64, 'пачк.,20шт.,ВатраПремиум', '0', 1, 1, 7.5, 1, 7.5, 0, 0),
(345, 53, 1, 28, 64, 'пачк.,20шт.,ВатраПремиум', '0', 1, 1, 7.5, 2, 15, 0, 0),
(346, 52, 1, 22, 48, 'кофе,автомат', '0', 1, 1, 3.5, 1, 3.5, 0, 0),
(347, 53, 1, 22, 48, 'кофе молотый,пак.,250г, Espresso', '0', 1, 1, 23, 1, 23, 0, 0),
(348, 52, 1, 22, 48, 'кофе,автомат', '0', 1, 1, 4, 3, 12, 0, 0),
(349, 51, 1, 28, 64, 'пачк.,20шт.,Прилуки', '0', 1, 1, 7, 1, 7, 0, 0),
(350, 54, 1, 20, 88, 'рассыпной', '0', 1, 1, 17.15, 1, 17.15, 0, 0),
(351, 54, 1, 20, 40, 'молоко,пак.,1кг,2,5%', '0', 1, 1, 8.2, 1, 8.2, 0, 0),
(352, 54, 1, 28, 64, 'пачк.,20шт.,Прилуки', '0', 1, 1, 7, 1, 7, 0, 0),
(353, 54, 1, 19, 28, 'банкомат - ЩЕРБАКОВА, 53 ОТДЕЛЕНИЕ БАНКА 59 K2H0', '0', 1, 3, 0, 0, 300, 0, 0),
(354, 54, 1, 19, 28, 'банкомат - ЩЕРБАКОВА, 53 ОТДЕЛЕНИЕ БАНКА 59 K2H0', '0', 1, 3, 0, 0, 100, 0, 0),
(355, 54, 1, 19, 28, 'банкомат - М.РАСКОВОЙ, 2А ЛЕВОБЕРЕЖНЫЙ ТОРГОВЫЙ ЦЕНТР KIH0', '0', 1, 3, 0, 0, 50, 0, 0),
(356, 54, 1, 19, 28, 'банкомат - М.РАСКОВОЙ, 2А ЛЕВОБЕРЕЖНЫЙ ТОРГОВЫЙ ЦЕНТР KIH0', '0', 1, 3, 0, 0, 20, 0, 0),
(357, 50, 1, 19, 28, 'СПИСАНИЕ ЗА МОБАЙЛ-БАНКИНГ ОКТЯБРЬ ПРИВАТБАНК HEAD-OFFICE ПРИВАТБАНК HEAD-OFFICE', '0', 1, 3, 0, 0, 3, 0, 0),
(358, 54, 1, 5, 31, 'банкомат - ЩЕРБАКОВА, 53 ОТДЕЛЕНИЕ БАНКА 59 K2H0', '1', 1, 1, 0, 0, 300, 0, 0),
(359, 54, 1, 5, 31, 'банкомат - ЩЕРБАКОВА, 53 ОТДЕЛЕНИЕ БАНКА 59 K2H0', '1', 1, 1, 0, 0, 100, 0, 0),
(360, 54, 1, 5, 31, 'банкомат - М.РАСКОВОЙ, 2А ЛЕВОБЕРЕЖНЫЙ ТОРГОВЫЙ ЦЕНТР KIH0', '1', 1, 1, 0, 0, 50, 0, 0),
(361, 54, 1, 5, 31, 'банкомат - М.РАСКОВОЙ, 2А ЛЕВОБЕРЕЖНЫЙ ТОРГОВЫЙ ЦЕНТР KIH0', '1', 1, 1, 0, 0, 20, 0, 0),
(362, 54, 1, 23, 81, 'ЗубнаяЩеткаOriflame', '0', 1, 1, 9, 1, 9, 0, 0),
(363, 54, 1, 24, 63, 'ТениOriflame', '0', 1, 1, 61.5, 2, 121, 0, 0),
(364, 54, 1, 14, 20, 'Светик: сдача с заказа Oriflame', '0', 1, 1, 0, 0, 190, 0, 0),
(365, 54, 1, 4, 7, 'Светик: дала на расчеты с Жекой (30грн. Жеке)', '1', 1, 1, 0, 0, 30, 0, 0),
(366, 54, 1, 14, 21, 'Светик: дала на расчеты с Жекой (30грн. Жеке вернул)', '0', 1, 1, 0, 0, 30, 0, 0),
(367, 54, 1, 28, 64, 'пачк.,20шт.,Прилуки', '0', 1, 1, 7, 1, 7, 0, 0),
(368, 54, 1, 4, 7, 'Жека: купил мне сигареты', '1', 1, 1, 0, 0, 7, 0, 0),
(369, 52, 1, 14, 21, 'Савенко Володя: на кофе', '0', 1, 1, 0, 0, 3, 0, 0),
(370, 54, 1, 4, 8, 'Светик: сдача с заказа Oriflame (Жека: сдача с 50)', '1', 1, 1, 0, 0, 20, 0, 0),
(371, 55, 1, 20, 33, 'филе куринное', '0', 1, 1, 35, 1.2, 42.36, 0, 0),
(372, 55, 1, 20, 33, 'задницы куринные', '0', 1, 1, 8.5, 0.4, 3.4, 0, 0),
(373, 55, 1, 20, 35, 'капуста(цветная)', '0', 1, 1, 12, 1.2, 14.4, 0, 0),
(374, 55, 1, 20, 35, 'морковь', '0', 1, 1, 7, 1.1, 7.7, 0, 0),
(375, 55, 1, 20, 35, 'чеснок, шт.', '0', 1, 1, 2, 2, 4, 0, 0),
(376, 55, 1, 20, 36, 'куринные', '0', 1, 1, 9, 1, 9, 0, 0),
(377, 55, 1, 20, 37, 'пак.,1кг,гречка', '0', 1, 1, 14, 1, 14, 0, 0),
(378, 55, 1, 20, 83, 'макароны,пак.,1кг', '0', 1, 1, 10, 1, 10, 0, 0),
(379, 55, 1, 22, 82, 'майонез,400г,72%,Европейский', '0', 1, 1, 12, 1, 12, 0, 0),
(380, 55, 1, 28, 64, 'пачк.,20шт.,ВатраПремиум', '0', 1, 1, 7.5, 1, 7.5, 0, 0),
(381, 55, 1, 28, 64, 'пачк.,20шт.,Прилуки', '0', 1, 1, 7, 2, 14, 0, 0),
(382, 55, 1, 20, 40, 'сметана, пак.,450г,20%', '0', 1, 1, 14, 1, 14, 0, 0),
(383, 56, 1, 9, 47, 'маршрутка', '0', 1, 1, 3, 1, 3, 0, 0),
(384, 57, 1, 20, 40, 'молоко,пак.,1кг,2,5%', '0', 1, 1, 8, 1, 8, 0, 0),
(385, 58, 1, 22, 48, 'кофе готовый растворимый', '0', 1, 1, 3, 1, 3, 0, 0),
(386, 58, 1, 28, 64, 'пачк.,20шт.,Прилуки', '0', 1, 1, 7, 1, 7, 0, 0),
(387, 58, 1, 28, 64, '1шт.', '0', 1, 1, 2, 1, 2, 0, 0),
(388, 58, 1, 19, 29, 'ВЫДАЧА НАЛИЧНЫХ ДЕНЕГ БАНКОМАТ', '0', 1, 4, 300, 1.05, 315, 0, 0),
(389, 58, 1, 5, 32, 'ВЫДАЧА НАЛИЧНЫХ ДЕНЕГ БАНКОМАТ', '1', 1, 1, 0, 0, 300, 0, 0),
(390, 58, 1, 20, 40, 'молоко домашн.', '0', 1, 1, 10, 2, 20, 0, 0),
(391, 58, 1, 20, 59, 'яблоки', '0', 1, 1, 8.5, 3.059, 26, 0, 0),
(392, 58, 1, 20, 70, 'пакет', '0', 1, 1, 2.5, 1, 2.5, 0, 0),
(393, 58, 1, 16, 23, 'ЛамизилУно,тюб.,4г', '0', 1, 1, 118.7, 1, 118.7, 0, 0),
(394, 58, 1, 14, 20, 'Светик: не получила аванс (банкомат 0637)', '0', 1, 4, 0, 0, 105, 0, 0),
(395, 59, 1, 9, 47, 'маршрутка', '0', 1, 1, 3, 1, 3, 0, 0),
(396, 59, 1, 22, 48, 'кофе,автомат', '0', 1, 1, 3.5, 2, 7, 0, 0),
(397, 60, 1, 28, 64, 'пачк.,20шт.,ВатраПремиум', '0', 1, 1, 7.5, 1, 7.5, 0, 0),
(398, 59, 1, 28, 64, 'пачк.,20шт.,ВатраПремиум', '0', 1, 1, 7.5, 2, 15, 0, 0),
(400, 60, 1, 18, 26, 'ошибка при подсчете', '0', 1, 1, 0, 0, 10, 0, 0),
(401, 60, 1, 14, 20, 'Светик: денег нет вааще', '0', 1, 1, 0, 0, 20, 0, 0),
(402, 60, 1, 28, 64, 'пачк.,20шт.,Прилуки', '0', 1, 1, 7.5, 1, 7.5, 0, 0),
(403, 60, 1, 14, 21, 'Жека: купил мне сигареты', '0', 1, 1, 0, 0, 7, 0, 0),
(404, 61, 1, 9, 47, 'маршрутка', '0', 1, 1, 3, 1, 3, 0, 0),
(406, 61, 1, 5, 30, 'ПОПОЛНЕНИЕ БАНК', '1', 1, 2, 0, 0, 0.01, 0, 0),
(407, 62, 1, 9, 47, 'маршрутка', '0', 1, 1, 3, 1, 3, 0, 0),
(408, 62, 1, 28, 64, 'пачк.,20шт.,Прилуки', '0', 1, 1, 7.5, 1, 7.5, 0, 0),
(409, 62, 1, 19, 27, 'СПИСАНИЕ БАНК', '0', 1, 2, 0, 0, 5, 0, 0),
(419, 62, 1, 19, 29, 'ВЫДАЧА НАЛИЧНЫХ ДЕНЕГ БАНКОМАТ', '0', 1, 4, 100, 1.05, 105, 0, 0),
(420, 62, 1, 5, 32, 'ВЫДАЧА НАЛИЧНЫХ ДЕНЕГ БАНКОМАТ', '1', 1, 1, 0, 0, 100, 0, 0),
(421, 62, 1, 25, 67, 'бут.,0.250л,коньяк', '0', 1, 1, 26.8, 0.5, 13.4, 0, 0),
(422, 62, 1, 20, 68, 'булочки,пак.,4шт.', '0', 1, 1, 3.5, 1, 3.5, 0, 0),
(423, 62, 1, 20, 40, 'сыр,тверд.,Королевский', '0', 1, 1, 0, 0, 8.6, 0, 0),
(424, 62, 1, 28, 64, 'пачк.,20шт.,Прилуки', '0', 1, 1, 7.5, 1, 7.5, 0, 0),
(425, 62, 1, 20, 70, 'стаканч.одноразовый', '0', 1, 1, 0, 0, 3, 0, 0),
(426, 62, 1, 20, 40, 'молоко,пак.,1кг,2,5%', '0', 1, 1, 8.3, 2, 16.6, 0, 0),
(428, 62, 1, 4, 8, 'Светик: сдача с заказа Oriflame', '1', 1, 1, 0, 0, 110, 0, 0),
(429, 62, 1, 28, 64, 'пачк.,20шт.,Прилуки', '0', 1, 1, 7, 1, 7, 0, 0),
(432, 63, 1, 28, 64, 'пачк.,20шт.,Прилуки', '0', 1, 1, 7, 2, 14, 0, 0),
(433, 63, 1, 20, 34, '\"раст.масло, бут.,1л,  \"\"Олейна\"\"\"', '0', 1, 1, 18.3, 1, 18.3, 0, 0),
(434, 63, 1, 4, 8, 'Светик: сдача с заказа Oriflame', '1', 1, 1, 0, 0, 60, 0, 0),
(435, 63, 1, 4, 8, 'Светик: не получила аванс (банкомат 0637)', '1', 1, 1, 0, 0, 90, 0, 0),
(436, 62, 1, 4, 8, 'Светик: не получила аванс (банкомат 0637)', '1', 1, 1, 0, 0, 13, 0, 0),
(437, 62, 1, 23, 81, 'МишкаOriflame', '0', 1, 1, 15, 0, 13, 0, 0),
(438, 65, 1, 9, 47, 'маршрутка', '0', 1, 1, 3, 1, 3, 0, 0),
(439, 65, 1, 28, 64, 'пачк.,20шт.,ВатраПремиум', '0', 1, 1, 7.5, 2, 15, 0, 0),
(440, 64, 1, 22, 48, 'кофе,автомат', '0', 1, 1, 3.5, 1, 3.5, 0, 0),
(441, 66, 1, 19, 29, 'ВЫДАЧА НАЛИЧНЫХ ДЕНЕГ БАНКОМАТ', '0', 1, 4, 300, 1.05, 315, 0, 0),
(442, 68, 1, 19, 29, 'ВЫДАЧА НАЛИЧНЫХ ДЕНЕГ БАНКОМАТ', '0', 1, 4, 100, 1.05, 105, 0, 0),
(443, 69, 1, 19, 29, 'ВЫДАЧА НАЛИЧНЫХ ДЕНЕГ БАНКОМАТ', '0', 1, 4, 100, 1.05, 105, 0, 0),
(444, 71, 1, 19, 29, 'ВЫДАЧА НАЛИЧНЫХ ДЕНЕГ БАНКОМАТ', '0', 1, 4, 300, 1.05, 315, 0, 0),
(445, 62, 1, 19, 29, 'процентная ставка по потребительским кредитам (2,9974218%)', '0', 1, 4, 0, 0, 48.93, 0, 0),
(446, 70, 1, 2, 3, 'ПФ - на 12.2011', '1', 1, 3, 784, 1, 784, 0, 0),
(447, 72, 1, 19, 28, 'ОПЛАТА УСЛУГ: ПЕРЕВОД ЛИЧНЫХ СРЕДСТВ. ID: 21989516123', '0', 1, 3, 50, 1, 50, 0, 0),
(448, 72, 1, 5, 31, '', '1', 1, 3, 0, 0, 16, 0, 0),
(449, 69, 1, 5, 30, 'ПОПОЛНЕНИЕ БАНК', '1', 1, 2, 4161.48, 1, 4161.48, 0, 0),
(450, 66, 1, 5, 32, 'ИЕ НАЛИЧНЫХ В БАНКОМАТЕ: Г. КИЕВ УЛ.ТУПОЛЕВА, 24 МАРКЕТ ФОРА K2H0', '1', 1, 1, 0, 0, 300, 0, 0),
(451, 68, 1, 5, 32, 'ИЕ НАЛИЧНЫХ В БАНКОМАТЕ: Г. КИЕВ УЛ.ТУПОЛЕВА, 24 МАРКЕТ ФОРА K2H0', '1', 1, 1, 0, 0, 100, 0, 0),
(452, 69, 1, 5, 32, 'ИЕ НАЛИЧНЫХ В БАНКОМАТЕ: Г. КИЕВ УЛ.ТУПОЛЕВА, 24 МАРКЕТ ФОРА K2H0', '1', 1, 1, 0, 0, 100, 0, 0),
(453, 71, 1, 5, 32, 'ИЕ НАЛИЧНЫХ В БАНКОМАТЕ: Г. КИЕВ УЛ.ТУПОЛЕВА, 24 МАРКЕТ ФОРА K2H0', '1', 1, 1, 0, 0, 300, 0, 0),
(454, 71, 1, 20, 77, 'пельмени', '0', 1, 1, 16, 3, 48, 0, 0),
(455, 71, 1, 20, 68, 'батон', '0', 1, 1, 0, 0, 3, 0, 0),
(456, 71, 1, 20, 90, 'сердельки', '0', 1, 1, 48, 1.042, 50, 0, 0),
(457, 71, 1, 20, 40, 'молоко,пак.,1кг,2,5%', '0', 1, 1, 8.3, 1, 8.3, 0, 0),
(458, 71, 1, 20, 68, 'булочка', '0', 1, 1, 3.5, 1, 3.5, 0, 0),
(459, 71, 1, 28, 64, 'пачк.,20шт.,Прилуки', '0', 1, 1, 7, 2, 14, 0, 0),
(461, 69, 1, 28, 64, 'пачк.,20шт.,Прилуки', '0', 1, 1, 7, 2, 14, 0, 0),
(462, 68, 1, 28, 64, 'пачк.,20шт.,Прилуки', '0', 1, 1, 7, 2, 14, 0, 0),
(463, 66, 1, 28, 64, 'пачк.,20шт.,Прилуки', '0', 1, 1, 7, 2, 14, 0, 0),
(464, 66, 1, 20, 35, 'картофель', '0', 1, 1, 4, 6.388, 25.55, 0, 0),
(465, 66, 1, 20, 35, 'морковь', '0', 1, 1, 7, 2, 14, 0, 0),
(466, 71, 1, 25, 75, '03.12.11-07.12.11 (3 дня)', '0', 1, 1, 0, 0, 700, 0, 0),
(467, 68, 1, 25, 66, 'за смену Ральченко (06.12.11 Вт.)', '0', 1, 1, 500, 1, 500, 0, 0),
(470, 68, 1, 4, 7, 'Ральченко М. (виртуально): за смену', '1', 1, 1, 0, 0, 500, 0, 0),
(471, 72, 1, 11, 42, 'комм. - за 11.2011', '0', 1, 2, 234.06, 1, 234.06, 0, 0),
(472, 72, 1, 11, 43, 'Киевэнерго - за 11.2011', '0', 1, 2, 60.27, 1, 60.27, 0, 0),
(473, 72, 1, 11, 44, 'Воля (ТВ-И) - за 11.2011', '0', 1, 2, 169.9, 1, 169.9, 0, 0),
(474, 72, 1, 11, 45, 'Укртелеком - за 11.2011', '0', 1, 2, 38.2, 1, 38.2, 0, 0),
(475, 72, 1, 11, 46, 'Portmone(абонплата) - за 11.2011', '0', 1, 2, 9.9, 1, 9.9, 0, 0),
(476, 72, 1, 11, 85, '+380963579932', '0', 1, 2, 30, 1, 30, 0, 0),
(477, 73, 1, 9, 47, 'маршрутка', '0', 1, 1, 3, 1, 3, 0, 0),
(478, 73, 1, 22, 48, 'кофе,автомат', '0', 1, 1, 3.5, 1, 3.5, 0, 0),
(479, 73, 1, 24, 91, 'кофе,автомат', '0', 1, 1, 3.5, 1, 3.5, 0, 0),
(480, 73, 1, 24, 91, 'маршрутка', '0', 1, 1, 2, 1, 2, 0, 0),
(481, 74, 1, 28, 64, 'пачк.,20шт.,ВатраПремиум', '0', 1, 1, 7.5, 2, 15, 0, 0),
(482, 74, 1, 9, 47, 'маршрутка', '0', 1, 1, 2.5, 1, 2.5, 0, 0),
(483, 74, 1, 3, 6, 'нашел в сумке (наверное ошибка 17.10.2011)', '1', 1, 1, 0, 0, 1200, 0, 0),
(484, 74, 1, 20, 73, '…', '0', 1, 1, 0, 0, 75.15, 0, 0),
(485, 74, 1, 20, 92, 'свинина(задн.часть)', '0', 1, 1, 48, 1.875, 90, 0, 0),
(486, 74, 1, 20, 68, 'бат.,Украинский', '0', 1, 1, 4.4, 1, 4.4, 0, 0),
(487, 74, 1, 22, 62, 'вафли Артек', '0', 1, 1, 0, 0, 10, 0, 0),
(488, 74, 1, 16, 23, 'Донормил,бан.,30табл.', '0', 1, 1, 37.6, 1, 37.6, 0, 0),
(489, 74, 1, 16, 22, 'кор.,20табл.,200мг,карбамазепин-Дарница', '0', 1, 1, 10.55, 3, 31.65, 0, 0),
(490, 74, 1, 16, 22, 'кор.,20табл.,200мг,карбамазепин,Технолог', '0', 1, 1, 13.5, 3, 40.5, 0, 0),
(492, 76, 1, 9, 47, 'маршрутка', '0', 1, 1, 3, 1, 3, 0, 0),
(493, 76, 1, 19, 27, 'банкомат - Шевцова, 1(админ.)', '0', 1, 2, 0, 0, 2000, 0, 0),
(494, 76, 1, 19, 27, 'банкомат - Шевцова, 1(админ.)', '0', 1, 2, 0, 0, 1600, 0, 0),
(495, 76, 1, 5, 30, 'банкомат - Шевцова, 1(админ.)', '1', 1, 1, 0, 0, 2000, 0, 0),
(496, 76, 1, 5, 30, 'банкомат - Шевцова, 1(админ.)', '1', 1, 1, 0, 0, 1600, 0, 0),
(497, 77, 1, 9, 47, 'маршрутка', '0', 1, 1, 3, 1, 3, 0, 0),
(498, 77, 1, 12, 15, 'Sony-Ericsson ST15i Xperia Mini Black', '0', 1, 1, 2168, 1, 2169, 0, 0),
(499, 77, 1, 12, 15, 'Logitech C270 HD (960-000636)', '0', 1, 1, 266, 1, 266, 0, 0),
(500, 77, 1, 11, 93, '+380637083496', '0', 1, 3, 35, 1, 35, 0, 0),
(502, 80, 1, 9, 47, 'маршрутка', '0', 1, 1, 3, 1, 3, 0, 0),
(503, 81, 1, 9, 47, 'маршрутка', '0', 1, 1, 2.5, 1, 2.5, 0, 0),
(504, 81, 1, 20, 68, 'бат.,Украинский', '0', 1, 1, 4.4, 1, 4.4, 0, 0),
(505, 81, 1, 20, 38, 'банк.,500г, сельдь', '0', 1, 1, 24.7, 1, 24.7, 0, 0),
(506, 81, 1, 20, 34, '\"раст.масло, бут.,1л,  \"\"Олейна\"\"\"', '0', 1, 1, 18.3, 1, 18.3, 0, 0),
(507, 81, 1, 20, 35, 'лук репчатый', '0', 1, 1, 3.5, 1, 3.5, 0, 0),
(508, 81, 1, 28, 64, 'пачк.,20шт.,ВатраПремиум', '0', 1, 1, 7.5, 2, 15, 0, 0),
(509, 80, 1, 28, 64, 'пачк.,20шт.,Camel', '0', 1, 1, 11, 1, 11, 0, 0),
(510, 80, 1, 22, 62, 'пачк.,печенье', '0', 1, 1, 7.5, 1, 7.5, 0, 0),
(511, 80, 1, 22, 48, 'кофе,автомат', '0', 1, 1, 3.5, 2, 7, 0, 0),
(512, 79, 1, 28, 64, 'пачк.,20шт.,Прилуки', '0', 1, 1, 7, 2, 14, 0, 0),
(513, 75, 1, 28, 64, 'пачк.,20шт.,Прилуки', '0', 1, 1, 7, 2, 14, 0, 0),
(514, 77, 1, 28, 64, 'пачк.,20шт.,ВатраПремиум', '0', 1, 1, 7.5, 2, 15, 0, 0),
(515, 77, 1, 12, 15, 'Пакет life:) (тариф Шаленый день)', '0', 1, 1, 15, 1, 15, 0, 0),
(516, 78, 1, 20, 73, '…', '0', 1, 1, 0, 0, 46.4, 0, 0),
(517, 78, 1, 19, 28, 'СПИСАНИЕ ЗА МОБАЙЛ-БАНКИНГ НОЯБРЬ ПРИВАТБАНК HEAD-OFFICE ПРИВАТБАНК HEAD-OFFICE', '0', 1, 3, 3, 1, 3, 0, 0),
(518, 82, 1, 19, 28, 'ПЕРЕВОД ЛИЧНЫХ СРЕДСТВ', '0', 1, 3, 600, 1, 600.1, 0, 0),
(519, 82, 1, 5, 32, 'ПЕРЕВОД ЛИЧНЫХ СРЕДСТВ', '1', 1, 4, 0, 0, 600, 0, 0),
(520, 82, 1, 19, 29, 'ВЫДАЧА НАЛИЧНЫХ ДЕНЕГ БАНКОМАТ 2461 КИЕВ УКРАИНА, КИЕВСКАЯ, КИЕВ, ПР.В.ПОРИКА, 2 РЫНОК ^ВИНОГРАДАРЬ^', '0', 1, 4, 400, 1.05, 420, 0, 0),
(521, 90, 1, 11, 93, '+380637083496', '0', 1, 3, 35, 1, 35, 0, 0),
(522, 82, 1, 5, 32, 'ВЫДАЧА НАЛИЧНЫХ ДЕНЕГ БАНКОМАТ 2461 КИЕВ УКРАИНА, КИЕВСКАЯ, КИЕВ, ПР.В.ПОРИКА, 2 РЫНОК ^ВИНОГРАДАРЬ^', '1', 1, 1, 0, 0, 400, 0, 0),
(523, 82, 1, 10, 94, 'Пуховик', '0', 1, 1, 1149, 0.8, 919, 0, 0),
(524, 82, 1, 25, 95, 'проставился', '0', 1, 1, 0, 0, 50, 0, 0),
(525, 85, 1, 25, 66, 'за смену Ральченко (21.12.11 Ср.)', '0', 1, 1, 500, 1, 500, 0, 0),
(526, 90, 1, 1, 1, 'ЗП - за 11.2011', '1', 1, 2, 4161.48, 1.25, 5201.86, 0, 0),
(527, 90, 1, 5, 30, 'ПОПОЛНЕНИЕ БАНК', '1', 1, 2, 0, 0, 0.01, 0, 0),
(528, 91, 1, 19, 27, 'СПИСАНИЕ БАНК', '0', 1, 2, 5, 1, 5, 0, 0),
(529, 91, 1, 19, 27, 'банкомат - Шевцова, 1(прод.)', '0', 1, 2, 2200, 1, 2200, 0, 0),
(530, 91, 1, 5, 30, 'банкомат - Шевцова, 1(прод.)', '1', 1, 1, 0, 0, 2200, 0, 0),
(531, 92, 1, 19, 29, 'погашение кредита', '0', 1, 1, 0, 0, 1482, 0, 0),
(532, 92, 1, 5, 32, 'погашение кредита', '1', 1, 4, 0, 0, 1482, 0, 0),
(533, 82, 1, 28, 64, 'пачк.,20шт.,Camel', '0', 1, 1, 11, 1, 11, 0, 0),
(534, 83, 1, 28, 64, 'пачк.,20шт.,Camel', '0', 1, 1, 11, 1, 11, 0, 0),
(535, 84, 1, 28, 64, 'пачк.,20шт.,Camel', '0', 1, 1, 11, 1, 11, 0, 0),
(536, 85, 1, 28, 64, 'пачк.,20шт.,Camel', '0', 1, 1, 11, 1, 11, 0, 0),
(537, 86, 1, 28, 64, 'пачк.,20шт.,Camel', '0', 1, 1, 11, 1, 11, 0, 0),
(538, 87, 1, 28, 64, 'пачк.,20шт.,Camel', '0', 1, 1, 11, 1, 11, 0, 0),
(539, 88, 1, 28, 64, 'пачк.,20шт.,Camel', '0', 1, 1, 11, 1, 11, 0, 0),
(540, 89, 1, 28, 64, 'пачк.,20шт.,Camel', '0', 1, 1, 11, 1, 11, 0, 0),
(541, 90, 1, 28, 64, 'пачк.,20шт.,Camel', '0', 1, 1, 11, 1, 11, 0, 0),
(542, 91, 1, 28, 64, 'пачк.,20шт.,Camel', '0', 1, 1, 11, 1, 11, 0, 0),
(543, 85, 1, 9, 47, 'маршрутка', '0', 1, 1, 3, 1, 3, 0, 0),
(544, 86, 1, 9, 47, 'маршрутка', '0', 1, 1, 3, 1, 3, 0, 0),
(545, 88, 1, 9, 47, 'маршрутка', '0', 1, 1, 3, 1, 3, 0, 0),
(546, 89, 1, 9, 47, 'маршрутка', '0', 1, 1, 3, 1, 3, 0, 0),
(547, 90, 1, 20, 73, '…', '0', 1, 1, 0, 0, 152.6, 0, 0),
(548, 86, 1, 20, 73, '', '0', 1, 1, 0, 0, 98, 0, 0),
(549, 83, 1, 20, 77, 'пельмени', '0', 1, 1, 48, 1, 48, 0, 0),
(550, 84, 1, 25, 75, '20.12.11-22.12.11 (3 дня)', '0', 1, 1, 160, 3, 480, 0, 0),
(551, 90, 1, 23, 76, 'Лорик', '0', 1, 1, 45, 1.111, 50, 0, 0),
(552, 91, 1, 22, 48, 'кофе,автомат', '0', 1, 1, 3.5, 1, 3.5, 0, 0),
(553, 90, 1, 22, 48, 'кофе,автомат', '0', 1, 1, 3.5, 1, 3.5, 0, 0),
(554, 88, 1, 22, 48, 'кофе,автомат', '0', 1, 1, 3.5, 1, 3.5, 0, 0),
(555, 89, 1, 22, 48, 'кофе,автомат', '0', 1, 1, 3.5, 1, 3.5, 0, 0),
(556, 93, 1, 18, 96, 'кондитерские изд.', '0', 1, 1, 0, 0, 85, 0, 0),
(557, 93, 1, 18, 96, 'пиво', '0', 1, 1, 0, 0, 31, 0, 0),
(558, 93, 1, 18, 96, 'шампанское', '0', 1, 1, 0, 0, 35, 0, 0),
(559, 93, 1, 24, 63, 'конфеты', '0', 1, 1, 0, 0, 85, 0, 0),
(560, 93, 1, 18, 96, 'пачк.,20шт.,ВатраПремиум', '0', 1, 1, 7.5, 2, 15, 0, 0),
(561, 93, 1, 18, 96, 'пиво', '0', 1, 1, 0, 0, 50, 0, 0),
(562, 93, 1, 28, 64, 'пачк.,20шт.,ВатраПремиум', '0', 1, 1, 7.5, 2, 15, 0, 0),
(563, 92, 1, 9, 47, 'маршрутка', '0', 1, 1, 3, 1, 3, 0, 0),
(564, 93, 1, 9, 47, 'маршрутка', '0', 1, 1, 3, 1, 3, 0, 0),
(565, 93, 1, 22, 48, 'кофе молотый,пак.,250г, Espresso', '0', 1, 1, 25, 1, 25, 0, 0),
(566, 93, 1, 24, 63, 'Киевстар', '0', 1, 2, 0, 0, 50, 0, 0),
(567, 93, 1, 24, 63, 'Life:)', '0', 1, 2, 0, 0, 50, 0, 0),
(568, 93, 1, 18, 26, '', '0', 1, 1, 0, 0, 35.6, 0, 0),
(569, 92, 1, 22, 48, 'кофе,автомат', '0', 1, 1, 3.5, 3, 10.5, 0, 0),
(570, 92, 1, 28, 64, 'пачк.,20шт.,Camel', '0', 1, 1, 11, 1, 11, 0, 0),
(571, 95, 1, 9, 47, 'маршрутка', '0', 1, 1, 3, 1, 3, 0, 0),
(572, 95, 1, 22, 48, 'кофе,автомат', '0', 1, 1, 3.5, 2, 7, 0, 0),
(573, 96, 1, 9, 47, 'маршрутка', '0', 1, 1, 3, 1, 3, 0, 0),
(574, 96, 1, 28, 64, 'пачк.,20шт.,ВатраПремиум', '0', 1, 1, 7.5, 2, 15, 0, 0),
(575, 96, 1, 24, 63, 'Сумка Avon', '0', 1, 1, 154, 1, 154, 0, 0),
(576, 99, 1, 11, 42, 'комм. - за 12.2011', '0', 1, 2, 228.88, 1, 228.88, 0, 0),
(578, 99, 1, 11, 44, 'Воля (ТВ-И) - за 12.2011', '0', 1, 2, 172.9, 1, 172.9, 0, 0),
(579, 99, 1, 11, 45, 'Укртелеком - за 12.2011', '0', 1, 2, 39.78, 1, 39.78, 0, 0),
(580, 99, 1, 11, 46, 'Portmone(абонплата) - за 12.2011', '0', 1, 2, 9.9, 1, 9.9, 0, 0),
(581, 99, 1, 11, 93, '+380637083496', '0', 1, 2, 35, 1, 35, 0, 0),
(582, 97, 1, 10, 94, 'туфли Bugatti', '0', 1, 1, 929, 0.75, 697, 0, 0),
(583, 97, 1, 10, 94, 'туфли Bugatti', '0', 1, 1, 929, 0.75, 697, 0, 0),
(584, 97, 1, 10, 94, 'Шапка', '0', 1, 1, 69, 0.754, 52, 0, 0),
(585, 97, 1, 10, 94, 'Свитер', '0', 1, 1, 259, 0.749, 194, 0, 0),
(586, 97, 1, 24, 63, 'Жилет', '0', 1, 1, 59, 0.746, 44, 0, 0),
(588, 97, 1, 10, 94, 'Очки вело/мото', '0', 1, 1, 149, 0.852, 127, 0, 0),
(589, 97, 1, 19, 27, 'банкомат - Победы (ProCreditBank 18)', '0', 1, 2, 0, 0, 2000, 0, 0),
(590, 97, 1, 5, 30, 'банкомат - Победы (ProCreditBank 18)', '1', 1, 1, 0, 0, 2000, 0, 0),
(591, 98, 1, 20, 38, 'сельдь', '0', 1, 1, 0, 0, 27, 0, 0),
(592, 99, 1, 28, 64, 'пачк.,20шт.,ВатраПремиум', '0', 1, 1, 7.5, 2, 15, 0, 0),
(593, 98, 1, 28, 64, 'пачк.,20шт.,ВатраПремиум', '0', 1, 1, 7.5, 1, 7.5, 0, 0),
(594, 97, 1, 28, 64, 'пачк.,20шт.,ВатраПремиум', '0', 1, 1, 7.5, 3, 22.5, 0, 0),
(595, 98, 1, 12, 15, 'Наушиники Nokia', '0', 1, 1, 130, 1, 130, 0, 0),
(596, 98, 1, 12, 15, 'Чехол HTC', '0', 1, 1, 80, 1, 80, 0, 0),
(597, 98, 1, 9, 41, 'маршрутка', '0', 1, 1, 3, 2, 6, 0, 0),
(598, 98, 1, 22, 48, 'кофе готовый растворимый', '0', 1, 1, 4, 1, 4, 0, 0),
(599, 97, 1, 9, 41, 'троллейбус', '0', 1, 1, 1.5, 3, 4.5, 0, 0),
(600, 98, 1, 20, 35, 'бурак', '0', 1, 1, 5, 1.6, 8, 0, 0),
(601, 98, 1, 22, 82, 'майонез,400г,72%,Европейский', '0', 1, 1, 12, 1, 12, 0, 0),
(602, 97, 1, 22, 48, 'кофе готовый натуральный', '0', 1, 1, 4, 1, 4, 0, 0),
(603, 99, 1, 19, 27, 'банкомат - Туполева, 24 ()', '0', 1, 2, 200, 1.045, 209, 0, 0),
(604, 99, 1, 5, 30, 'банкомат - Туполева, 24 ()', '1', 1, 1, 0, 0, 200, 0, 0),
(605, 99, 1, 16, 23, 'Донормил,бан.,30табл.', '0', 1, 1, 51.82, 0.607, 31.46, 0, 0),
(606, 99, 1, 16, 23, 'Тизин,бан.,10мл', '0', 1, 1, 25.07, 0.8, 20.06, 0, 0),
(607, 99, 1, 16, 23, 'Лоратадин,уп.,10мг,10табл.', '0', 1, 1, 6.77, 0, 5.42, 0, 0),
(608, 99, 1, 20, 33, 'филе куринное', '0', 1, 1, 35, 1.3, 45.5, 0, 0),
(609, 99, 1, 20, 33, 'суп.набор куринный', '0', 1, 1, 6.5, 0.769, 5, 0, 0),
(610, 99, 1, 20, 37, 'пак.,1кг,гречка', '0', 1, 1, 14, 1, 14, 0, 0),
(611, 99, 1, 20, 37, 'пак.,1кг,рис длиннозернистый,', '0', 1, 1, 12, 1, 12, 0, 0),
(612, 99, 1, 20, 36, 'куринные', '0', 1, 1, 9, 1, 9, 0, 0),
(613, 99, 1, 20, 40, 'молоко,пак.,1кг,2,5%', '0', 1, 1, 6.8, 2, 13.6, 0, 0),
(614, 99, 1, 20, 68, 'бат.,Украинский', '0', 1, 1, 4.4, 0.5, 2.2, 0, 0),
(615, 99, 1, 15, 98, 'пакеты для мусора (60л)', '0', 1, 1, 8, 1, 8, 0, 0),
(616, 99, 1, 18, 26, '', '0', 1, 1, 0, 0, 9.71, 0, 0),
(617, 103, 1, 22, 48, 'кофе,автомат', '0', 1, 1, 3.5, 1, 3.5, 0, 0),
(618, 103, 1, 9, 47, 'маршрутка', '0', 1, 1, 3, 1, 3, 0, 0),
(619, 102, 1, 9, 47, 'маршрутка', '0', 1, 1, 3, 1, 3, 0, 0),
(620, 102, 1, 28, 64, 'пачк.,20шт.,ВатраПремиум', '0', 1, 1, 7.5, 1, 7.5, 0, 0),
(621, 100, 1, 9, 47, 'маршрутка', '0', 1, 1, 3, 1, 3, 0, 0),
(622, 101, 1, 9, 47, 'маршрутка', '0', 1, 1, 3, 1, 3, 0, 0),
(623, 101, 1, 28, 64, 'пачк.,20шт.,ВатраПремиум', '0', 1, 1, 7.5, 1, 7.5, 0, 0),
(624, 100, 1, 22, 48, 'кофе,автомат', '0', 1, 1, 3.5, 2, 7, 0, 0),
(625, 103, 1, 18, 26, 'ошибка при подсчете', '0', 1, 1, 0, 0, 1.7, 0, 0),
(626, 103, 1, 5, 30, 'банкомат - Туполева, 24 ()', '1', 1, 1, 0, 0, 200, 0, 0),
(627, 103, 1, 19, 27, 'банкомат - Туполева, 24 ()', '0', 1, 2, 200, 1.045, 209, 0, 0),
(628, 103, 1, 28, 64, 'пачк.,20шт.,Camel', '0', 1, 1, 11, 1, 11, 0, 0),
(629, 103, 1, 9, 41, 'маршрутка', '0', 1, 1, 2.5, 2, 5, 0, 0),
(630, 103, 1, 10, 99, 'шнурки на ботинки', '0', 1, 1, 10, 1, 10, 0, 0),
(631, 103, 1, 15, 100, 'GLOBOL, 75г', '0', 1, 1, 40, 1, 40, 0, 0),
(632, 103, 1, 22, 48, 'кофе растворимый, пирожные', '0', 1, 1, 3.5, 0, 27.5, 0, 0),
(633, 105, 1, 9, 47, 'маршрутка', '0', 1, 1, 3, 1, 3, 0, 0),
(634, 105, 1, 11, 53, '\"ТОВ \"\"Арена дверей\"\"\"', '0', 1, 3, 28.5, 1, 28.5, 0, 0),
(635, 104, 1, 9, 47, 'маршрутка', '0', 1, 1, 3, 1, 3, 0, 0),
(636, 104, 1, 22, 48, 'кофе,автомат', '0', 1, 1, 3.5, 1, 3.5, 0, 0),
(637, 105, 1, 9, 41, 'маршрутка', '0', 1, 1, 2.5, 3, 7.5, 0, 0),
(638, 105, 1, 9, 41, 'метро', '0', 1, 1, 2, 4, 8, 0, 0),
(639, 105, 1, 28, 64, 'пачк.,20шт.,ВатраПремиум', '0', 1, 1, 7.5, 2, 15, 0, 0),
(640, 105, 1, 22, 48, 'кофе готовый натуральный', '0', 1, 1, 4, 1, 4, 0, 0),
(641, 105, 1, 19, 28, 'банкомат - Салютная', '0', 1, 3, 400, 1, 400, 0, 0),
(642, 105, 1, 5, 31, 'банкомат - Салютная', '1', 1, 1, 0, 0, 400, 0, 0),
(643, 105, 1, 15, 79, 'сушка для белья', '0', 1, 1, 115, 1, 115, 0, 0),
(644, 105, 1, 12, 15, 'батарейки для пульта', '0', 1, 1, 3, 2, 6, 0, 0),
(646, 107, 1, 19, 28, 'ВЫДАЧА НАЛИЧНЫХ ДЕНЕГ БАНКОМАТ 0991 КИЕВ УКРАИНА, КИЕВСКАЯ, КИЕВ, УЛ.ЩЕРБАКОВА, 45А МАГАЗИН', '0', 1, 3, 300, 1, 300, 0, 0),
(647, 107, 1, 5, 31, 'ВЫДАЧА НАЛИЧНЫХ ДЕНЕГ БАНКОМАТ 0991 КИЕВ УКРАИНА, КИЕВСКАЯ, КИЕВ, УЛ.ЩЕРБАКОВА, 45А МАГАЗИН', '1', 1, 1, 0, 0, 300, 0, 0),
(649, 103, 1, 19, 28, 'Оплата услуг: Перевод личных средств СПИСАНИЕ С КАРТОЧНОГО СЧЕТА. REGULAR PAYMENTS P24 980 УКРАИНА, ДНЕПРОПЕТРОВСКАЯ, ДНЕПРОПЕТРОВСК, Г.ДНЕПРОПЕТРОВСК', '0', 1, 3, 50, 1, 50, 0, 0),
(650, 101, 1, 2, 3, 'ПФ - на 11.2012', '1', 1, 3, 784, 1, 784, 0, 0),
(651, 90, 1, 19, 28, 'Снятие наличных в банкомате: г. КИЕВ ул.Туполева, 24 маркет Фора K2H0 ВЫДАЧА НАЛИЧНЫХ ДЕНЕГ БАНКОМАТ 2680 КИЕВ УКРАИНА, КИЕВСКАЯ, КИЕВ, УЛ.ТУПОЛЕВА, 24 МАРКЕТ ^ФОРА^', '0', 1, 3, 80, 1, 80, 0, 0),
(652, 90, 1, 5, 31, 'Снятие наличных в банкомате: г. КИЕВ ул.Туполева, 24 маркет Фора K2H0 ВЫДАЧА НАЛИЧНЫХ ДЕНЕГ БАНКОМАТ 2680 КИЕВ УКРАИНА, КИЕВСКАЯ, КИЕВ, УЛ.ТУПОЛЕВА, 24 МАРКЕТ ^ФОРА^', '1', 1, 1, 0, 0, 80, 0, 0),
(653, 92, 1, 18, 26, '', '0', 1, 1, 0, 0, 55.5, 0, 0),
(654, 106, 1, 28, 64, 'пачк.,20шт.,Camel', '0', 1, 1, 11, 1, 11, 0, 0),
(655, 106, 1, 9, 41, 'маршрутка', '0', 1, 1, 3, 2, 6, 0, 0),
(656, 106, 1, 10, 101, 'носки теплые', '0', 1, 1, 65, 1, 65, 0, 0),
(657, 106, 1, 22, 48, 'кофе готовый натуральный', '0', 1, 1, 6, 1, 6, 0, 0),
(658, 107, 1, 20, 33, 'филе куринное', '0', 1, 1, 35, 1.5, 52.5, 0, 0),
(659, 107, 1, 20, 38, 'пангасиус', '0', 1, 1, 32.5, 1.25, 40.62, 0, 0),
(660, 107, 1, 20, 40, 'молоко,пак.,1кг,2,5%', '0', 1, 1, 6.8, 2, 13.6, 0, 0),
(661, 107, 1, 28, 64, 'пачк.,20шт.,ВатраПремиум', '0', 1, 1, 7.5, 2, 15, 0, 0),
(662, 107, 1, 28, 64, 'пачк.,20шт.,Camel', '0', 1, 1, 11, 1, 11, 0, 0),
(663, 107, 1, 20, 36, 'куринные', '0', 1, 1, 9, 1, 9, 0, 0),
(664, 107, 1, 20, 34, '\"раст.масло, бут.,1л,  \"\"Олейна\"\"\"', '0', 1, 1, 18.3, 1, 18.3, 0, 0),
(665, 107, 1, 21, 102, '…', '0', 1, 1, 0, 0, 8, 0, 0),
(666, 106, 1, 20, 73, '', '0', 1, 1, 0, 0, 80, 0, 0),
(667, 107, 1, 18, 26, '', '0', 1, 1, 0, 0, 128.13, 0, 0),
(668, 107, 1, 3, 6, '', '1', 1, 3, 0, 0, 35, 0, 0),
(669, 107, 1, 18, 26, '', '0', 1, 4, 0, 0, 2.45, 0, 0),
(670, 108, 1, 9, 47, 'маршрутка', '0', 1, 1, 3, 1, 3, 0, 0),
(671, 108, 1, 1, 2, 'смены - Бурмистров', '1', 1, 1, 500, 1, 500, 0, 0),
(672, 109, 1, 28, 64, 'пачк.,20шт.,ВатраПремиум', '0', 1, 1, 7.5, 1, 7.5, 0, 0),
(673, 109, 1, 9, 47, 'маршрутка', '0', 1, 1, 3, 1, 3, 0, 0),
(674, 113, 1, 14, 20, 'Матвеев В.: просил 50, было только 200', '0', 1, 1, 0, 0, 200, 0, 0),
(675, 113, 1, 9, 47, 'маршрутка', '0', 1, 1, 3, 1, 3, 0, 0),
(676, 112, 1, 9, 47, 'маршрутка', '0', 1, 1, 3, 2, 6, 0, 0),
(678, 111, 1, 9, 47, 'маршрутка', '0', 1, 1, 3, 1, 3, 0, 0),
(679, 112, 1, 23, 81, 'Oriflame:Щетка для тела (сиреневая)', '0', 1, 1, 28.44, 1, 28.44, 0, 0),
(680, 112, 1, 23, 81, 'Oriflame:Защитный крем д/рук «Нежный бархат»', '0', 1, 1, 15, 1, 15, 0, 0),
(681, 112, 1, 23, 81, 'Oriflame:Крем д/рук Нежный бархат Большой объем', '0', 1, 1, 15, 1, 15, 0, 0),
(682, 112, 1, 23, 81, 'Oriflame:Жидкое мыло для рук «Имбирный пряник»', '0', 1, 1, 16.86, 1, 16.86, 0, 0),
(683, 112, 1, 23, 81, 'Oriflame:Бланк заказа', '0', 1, 1, 0.01, 1, 0.01, 0, 0),
(684, 112, 1, 23, 81, 'Oriflame:Пакет п/э био 320х438', '0', 1, 1, 0.01, 1, 0.01, 0, 0),
(685, 112, 1, 23, 81, 'Oriflame:Набор печатной продукции 01', '0', 1, 1, 3.53, 1, 3.53, 0, 0),
(686, 112, 1, 28, 64, 'пачк.,20шт.,ВатраПремиум', '0', 1, 1, 7.5, 2, 15, 0, 0),
(687, 111, 1, 28, 64, 'пачк.,20шт.,ВатраПремиум', '0', 1, 1, 7.5, 2, 15, 0, 0),
(688, 112, 1, 22, 48, 'кофе,автомат', '0', 1, 1, 5, 1, 5, 0, 0),
(689, 111, 1, 22, 48, 'кофе,автомат', '0', 1, 1, 5, 1, 5, 0, 0),
(690, 110, 1, 20, 33, 'филе куринное', '0', 1, 1, 35, 1.187, 41.55, 0, 0),
(691, 110, 1, 20, 33, 'суп.набор куринный', '0', 1, 1, 6.5, 0.3, 1.95, 0, 0),
(692, 110, 1, 22, 82, 'майонез,400г,72%,Европейский', '0', 1, 1, 12, 1, 12, 0, 0),
(693, 110, 1, 20, 36, 'куринные', '0', 1, 1, 9, 1, 9, 0, 0),
(694, 110, 1, 20, 38, 'банк.,240г, сардины', '0', 1, 1, 7.2, 2, 14.4, 0, 0),
(695, 110, 1, 20, 40, 'молоко,пак.,1кг,2,5%', '0', 1, 1, 6.8, 2, 13.6, 0, 0),
(696, 110, 1, 28, 64, 'пачк.,20шт.,ВатраПремиум', '0', 1, 1, 7.5, 2, 15, 0, 0),
(697, 118, 1, 11, 93, '+380637083496 (карточка)', '0', 1, 1, 40, 1.05, 42, 0, 0),
(698, 118, 1, 20, 73, '…', '0', 1, 1, 0, 0, 50, 0, 0),
(699, 117, 1, 9, 47, 'маршрутка', '0', 1, 1, 3, 1, 3, 0, 0),
(700, 117, 1, 22, 48, 'кофе молотый,пак.,75г, Jacobs', '0', 1, 1, 17, 1, 17, 0, 0),
(702, 116, 1, 9, 47, 'маршрутка', '0', 1, 1, 3, 1, 3, 0, 0),
(703, 116, 1, 4, 8, 'Матвеев В.: просил 50, было только 200', '1', 1, 1, 0, 0, 200, 0, 0),
(704, 115, 1, 20, 33, 'филе куринное', '0', 1, 1, 35, 1.3, 45.5, 0, 0),
(705, 115, 1, 20, 40, 'молоко,пак.,1кг,2,5%', '0', 1, 1, 6.8, 2, 13.6, 0, 0),
(706, 115, 1, 20, 68, 'бат.,Украинский', '0', 1, 1, 4.4, 1, 4.4, 0, 0),
(707, 115, 1, 28, 64, 'пачк.,20шт.,ВатраПремиум', '0', 1, 1, 7.5, 2, 15, 0, 0),
(708, 117, 1, 28, 64, 'пачк.,20шт.,ВатраПремиум', '0', 1, 1, 7.5, 2, 15, 0, 0),
(709, 118, 1, 28, 64, 'пачк.,20шт.,Camel', '0', 1, 1, 11, 1, 11, 0, 0),
(710, 114, 1, 20, 73, '…', '0', 1, 1, 0, 0, 59.1, 0, 0),
(711, 112, 1, 19, 28, 'СПИСАНИЕ ЗА МОБАЙЛ-БАНКИНГ ДЕКАБРЬ ПРИВАТБАНК HEAD-OFFICE ПРИВАТБАНК HEAD-OFFICE', '0', 1, 3, 3, 1, 3, 0, 0),
(782, 275, 1, 1, 1, '', '1', 1, 1, 0, 0, 397.7, 0, 0),
(783, 275, 1, 1, 1, '', '1', 1, 2, 0, 0, 16.92, 0, 0),
(784, 275, 1, 2, 3, '', '1', 1, 3, 0, 0, 94.63, 0, 0),
(785, 275, 1, 3, 5, '', '1', 1, 4, 0, 0, -3639.67, 0, 0),
(786, 276, 1, 9, 47, 'маршрутка', '0', 1, 1, 3, 1, 3, 0, 0),
(787, 276, 1, 28, 64, 'пачк.,20шт.,Camel', '0', 1, 1, 11.5, 1, 11.5, 0, 0),
(788, 276, 1, 22, 48, 'кофе,автомат', '0', 1, 1, 4.5, 3, 13.5, 0, 0),
(789, 276, 1, 22, 82, '…', '0', 1, 1, 0, 0, 6, 0, 0),
(790, 277, 1, 9, 47, 'маршрутка', '0', 1, 1, 3, 1, 3, 0, 0),
(791, 277, 1, 28, 64, 'пачк.,20шт.,ВатраПремиум', '0', 1, 1, 8, 1, 8, 0, 0),
(792, 277, 1, 22, 48, 'кофе молотый,пак.,250г, Espresso', '0', 1, 1, 24, 1, 24, 0, 0),
(793, 277, 1, 22, 48, 'кофе готовый натуральный', '0', 1, 1, 5, 1, 5, 0, 0),
(794, 278, 1, 11, 109, 'за 3 квартал 2012г.', '0', 1, 3, 28.5, 1.105, 31.5, 0, 0),
(795, 278, 1, 11, 109, 'уведомление об отправке', '0', 1, 3, 0.35, 1, 0.35, 0, 0),
(796, 278, 1, 20, 73, '', '0', 1, 1, 0, 0, 162.1, 0, 0),
(797, 278, 1, 28, 64, 'пачк.,20шт.,Camel', '0', 1, 1, 11.5, 1, 11.5, 0, 0),
(798, 278, 1, 22, 48, 'кофе готовый растворимый', '0', 1, 1, 4.5, 1, 4.5, 0, 0),
(799, 278, 1, 19, 29, 'за пользование кредитным лимитом', '0', 1, 4, 0, 0, 49.6, 0, 0),
(800, 280, 1, 28, 64, 'пачк.,20шт.,Camel', '0', 1, 1, 11.5, 1, 11.5, 0, 0),
(802, 280, 1, 22, 48, 'кофе,автомат', '0', 1, 1, 4, 3, 12.5, 0, 0),
(803, 281, 1, 9, 47, 'маршрутка', '0', 1, 1, 3, 1, 3, 0, 0),
(804, 279, 1, 28, 64, 'пачк.,20шт.,Camel', '0', 1, 1, 11.5, 1, 11.5, 0, 0),
(805, 279, 1, 22, 48, 'кофе готовый растворимый', '0', 1, 1, 4, 1, 4, 0, 0),
(806, 281, 1, 28, 64, 'пачк.,20шт.,Camel', '0', 1, 1, 11.5, 1, 11.5, 0, 0),
(807, 281, 1, 22, 48, 'кофе готовый натуральный', '0', 1, 1, 6, 1, 6, 0, 0),
(808, 281, 1, 21, 72, 'пак.,400г, майонез Щедро Провансаль 67%', '0', 1, 1, 11, 1, 11, 0, 0),
(809, 282, 1, 28, 64, 'пачк.,20шт.,Camel', '0', 1, 1, 12, 1, 12, 0, 0),
(810, 284, 1, 1, 1, 'ЗП - за 06.2012', '1', 1, 2, 4702.72, 1, 4702.72, 0, 0),
(811, 287, 1, 25, 67, '…', '0', 1, 2, 10.42, 1.007, 10.49, 0, 0),
(812, 292, 1, 19, 27, 'СПИСАНИЕ БАНК (разблокировка карты)', '0', 1, 2, 0, 0, 5, 0, 0),
(813, 292, 1, 19, 27, 'банкомат - Шевцова, 1(админ.)', '0', 1, 2, 0, 0, 1000, 0, 0),
(814, 292, 1, 19, 27, 'банкомат - Шевцова, 1(админ.)', '0', 1, 2, 0, 0, 2000, 0, 0),
(815, 292, 1, 19, 27, 'банкомат - Шевцова, 1(админ.)', '0', 1, 2, 0, 0, 1000, 0, 0),
(816, 292, 1, 5, 30, 'банкомат - Шевцова, 1(админ.)', '1', 1, 1, 0, 0, 1000, 0, 0),
(819, 292, 1, 5, 30, 'банкомат - Шевцова, 1(админ.)', '1', 1, 1, 0, 0, 2000, 0, 0),
(820, 292, 1, 5, 30, 'банкомат - Шевцова, 1(админ.)', '1', 1, 1, 0, 0, 1000, 0, 0),
(821, 292, 1, 11, 46, 'Portmone(абонплата) - за 06.2012', '0', 1, 2, 9.9, 1, 9.9, 0, 0),
(822, 292, 1, 11, 45, 'Укртелеком - за 06.2012', '0', 1, 2, 47.89, 1, 47.89, 0, 0),
(823, 292, 1, 11, 44, 'Воля (ТВ-И) - за 06.2012', '0', 1, 2, 172.9, 1, 172.9, 0, 0),
(824, 292, 1, 11, 42, 'комм. - за 06.2012', '0', 1, 2, 205.91, 1, 205.91, 0, 0),
(825, 292, 1, 11, 110, 'Киевэнерго - за 06.2012', '0', 1, 2, 60.27, 1, 60.27, 0, 0),
(826, 283, 1, 19, 29, 'ВЫДАЧА НАЛИЧНЫХ ДЕНЕГ БАНКОМАТ', '0', 1, 4, 1000, 1.045, 1045, 0, 0),
(827, 293, 1, 5, 32, 'погашение кредита', '1', 1, 4, 0, 0, 1700, 0, 0),
(828, 278, 1, 11, 109, 'за 3 квартал 2012г.', '0', 1, 3, 28.5, 1.105, 31.5, 0, 0),
(829, 278, 1, 19, 28, 'Оплата услуг: Перевод личных средств P= REGULAR PAYMENTS P24 980 УКРАИНА, ДНЕПРОПЕТРОВСКАЯ, ДНЕПРОПЕТРОВСК, Г.ДНЕПРОПЕТРОВСК', '0', 1, 3, 10, 1, 10, 0, 0),
(830, 278, 1, 19, 28, 'КОМИССИЯ ЗА СМС ОПОВЕЩЕНИЕ П24. 28.5 UAH(С КАРТЫ 6762 **** **** 1578 НА КАРТУ ) СПИСАНИЕ С КАРТОЧНОГО СЧЕТА.', '0', 1, 3, 0.35, 1, 0.35, 0, 0),
(831, 284, 1, 2, 3, 'ПФ - на 07.2012', '1', 1, 3, 944, 1, 944, 0, 0),
(832, 287, 1, 25, 95, 'ВЫДАЧА НАЛИЧНЫХ ДЕНЕГ ATM6513 KPB DOBRDNYA1, 24, TUPOLEVA ST., ATM6513 KPB DOBRDNYA1, 24, TUPOLEVA ST.,', '0', 1, 3, 100, 1.06, 106, 0, 0),
(834, 288, 1, 25, 95, 'ВЫДАЧА НАЛИЧНЫХ ДЕНЕГ ATM6513 KPB DOBRDNYA1, 24, TUPOLEVA ST., ATM6513 KPB DOBRDNYA1, 24, TUPOLEVA ST.,', '0', 1, 3, 200, 1.035, 207, 0, 0),
(835, 289, 1, 25, 95, 'ВЫДАЧА НАЛИЧНЫХ ДЕНЕГ ATM6513 KPB DOBRDNYA1, 24, TUPOLEVA ST., ATM6513 KPB DOBRDNYA1, 24, TUPOLEVA ST.,', '0', 1, 3, 200, 1.035, 207, 0, 0),
(836, 291, 1, 25, 95, 'Снятие наличных в банкомате: КИЕВ УКРАИНА, КИЕВСКАЯ, КИЕВ, УЛ.ТУПОЛЕВА, 24 МАРКЕТ ^ФОРА^', '0', 1, 3, 300, 1, 300, 0, 0),
(837, 292, 1, 11, 93, '+380637083496', '0', 1, 3, 35, 1, 35, 0, 0),
(839, 292, 1, 5, 31, '', '1', 1, 3, 0, 0, 31.85, 0, 0),
(840, 283, 1, 5, 32, 'ВЫДАЧА НАЛИЧНЫХ ДЕНЕГ БАНКОМАТ', '1', 1, 1, 0, 0, 1000, 0, 0),
(841, 292, 1, 25, 66, 'за смену Ральченко (09.07.12 Пн.)', '0', 1, 1, 500, 1, 500, 0, 0),
(842, 292, 1, 25, 66, 'за смену Ральченко (13.07.12 Пт.)', '0', 1, 1, 500, 1, 500, 0, 0),
(843, 293, 1, 19, 29, 'погашение кредита', '0', 1, 1, 0, 0, 1700, 0, 0),
(844, 292, 1, 24, 91, 'собрали', '0', 1, 1, 0, 0, 100, 0, 0),
(845, 291, 1, 25, 95, '', '0', 1, 1, 0, 0, 1109.4, 0, 0),
(846, 295, 1, 28, 64, 'пачк.,20шт.,Camel', '0', 1, 1, 11.5, 2, 23, 0, 0),
(847, 295, 1, 18, 111, 'на паспорт (8)', '0', 1, 1, 25, 2, 50, 0, 0),
(848, 295, 1, 22, 48, 'кофе готовый натуральный', '0', 1, 1, 4.5, 2, 9, 0, 0);
INSERT INTO `diarybookpayment` (`ID_DiaryBookPayment`, `ID_DiaryBook`, `ID_Theme`, `ID_TypePayment`, `ID_SubTypePayment`, `NoteForPayment`, `Credit`, `ID_Currency`, `ID_Cash`, `Price`, `AmountOfGoods`, `SumPayment`, `ID_Relation`, `ID_User`) VALUES
(849, 295, 1, 20, 73, '…', '0', 1, 1, 0, 0, 143.65, 0, 0),
(851, 296, 1, 9, 47, 'маршрутка', '0', 1, 1, 3, 1, 3, 0, 0),
(852, 296, 1, 22, 48, 'кофе,автомат', '0', 1, 1, 4, 1, 4, 0, 0),
(853, 297, 1, 9, 47, 'маршрутка', '0', 1, 1, 3, 1, 3, 0, 0),
(854, 297, 1, 20, 35, '', '0', 1, 1, 0, 0, 57.55, 0, 0),
(855, 298, 1, 28, 64, 'пачк.,20шт.,Camel', '0', 1, 1, 12, 1, 12, 0, 0),
(856, 298, 1, 20, 40, 'кефир, 1л', '0', 1, 1, 11, 1, 11, 0, 0),
(857, 299, 1, 22, 48, 'кофе готовый натуральный', '0', 1, 1, 6.5, 1, 6.5, 0, 0),
(858, 299, 1, 28, 64, 'пачк.,20шт.,ВатраПремиум', '0', 1, 1, 8, 2, 16, 0, 0),
(859, 299, 1, 20, 73, '…', '0', 1, 1, 0, 0, 140.3, 0, 0),
(860, 300, 1, 9, 47, 'маршрутка', '0', 1, 1, 3, 1, 3, 0, 0),
(861, 300, 1, 22, 48, 'кофе,автомат', '0', 1, 1, 4, 3, 12, 0, 0),
(862, 301, 1, 22, 48, 'кофе,автомат', '0', 1, 1, 4.5, 1, 4.5, 0, 0),
(863, 301, 1, 28, 64, 'пачк.,20шт.,Camel', '0', 1, 1, 11, 1, 11, 0, 0),
(864, 302, 1, 20, 40, 'молоко,пак.,1кг,2,5%', '0', 1, 1, 10, 1, 10, 0, 0),
(865, 302, 1, 22, 62, 'пачк.,печенье', '0', 1, 1, 0, 0, 6, 0, 0),
(866, 302, 1, 22, 62, 'мороженое', '0', 1, 1, 0, 0, 3, 0, 0),
(867, 302, 1, 28, 64, 'пачк.,20шт.,Camel', '0', 1, 1, 12, 1, 12, 0, 0),
(868, 303, 1, 16, 23, 'Донормил,бан.,30табл.', '0', 1, 1, 51.08, 0.9, 45.98, 0, 0),
(869, 303, 1, 16, 23, 'нафтизин', '0', 1, 1, 6.8, 0.9, 6.12, 0, 0),
(870, 303, 1, 20, 33, 'филе куринное', '0', 1, 1, 39.8, 1.055, 42, 0, 0),
(871, 303, 1, 23, 81, 'МылоSafeguard', '0', 1, 1, 5.5, 3, 16.5, 0, 0),
(872, 303, 1, 23, 112, 'т.б.', '0', 1, 1, 5, 2, 10, 0, 0),
(873, 303, 1, 18, 111, 'на паспорт (8)+файл', '0', 1, 1, 25, 1.2, 30, 0, 0),
(874, 303, 1, 20, 37, 'пак.,1кг,гречка', '0', 1, 1, 11, 2, 22, 0, 0),
(875, 303, 1, 20, 34, '\"раст.масло, бут.,1л,  \"\"Олейна\"\"\"', '0', 1, 1, 18.5, 1, 18.5, 0, 0),
(876, 303, 1, 28, 64, 'пачк.,20шт.,Camel', '0', 1, 1, 12, 2, 24, 0, 0),
(877, 303, 1, 22, 48, 'кофе готовый натуральный', '0', 1, 1, 6, 1, 6, 0, 0),
(878, 303, 1, 20, 35, ',,,', '0', 1, 1, 0, 0, 49.9, 0, 0),
(879, 305, 1, 28, 64, 'пачк.,20шт.,Camel', '0', 1, 1, 11.5, 2, 23, 0, 0),
(880, 305, 1, 9, 47, 'маршрутка', '0', 1, 1, 3, 1, 3, 0, 0),
(881, 304, 1, 9, 47, 'маршрутка', '0', 1, 1, 3, 1, 3, 0, 0),
(882, 305, 1, 22, 48, 'кофе готовый натуральный', '0', 1, 1, 4, 1, 4, 0, 0),
(883, 304, 1, 22, 48, 'кофе,автомат', '0', 1, 1, 4, 6.625, 26.5, 0, 0),
(884, 305, 1, 15, 100, 'клей(Cyianopan,2g)', '0', 1, 1, 5, 2, 10, 0, 0),
(885, 306, 1, 20, 33, 'печень куринная', '0', 1, 1, 30, 1, 30, 0, 0),
(886, 306, 1, 20, 33, 'суп.набор куринный', '0', 1, 1, 6.5, 0.4, 2.6, 0, 0),
(887, 306, 1, 20, 35, ',,,', '0', 1, 1, 0, 0, 40, 0, 0),
(888, 306, 1, 28, 64, 'пачк.,20шт.,ВатраПремиум', '0', 1, 1, 8, 2, 16, 0, 0),
(889, 306, 1, 22, 48, 'пак.,MacCoffee', '0', 1, 1, 1.5, 6, 9, 0, 0),
(890, 306, 1, 20, 40, 'кефир, 1л', '0', 1, 1, 11, 1, 11.75, 0, 0),
(891, 306, 1, 21, 72, 'пак.,400г, майонез Щедро Салатный 30%', '0', 1, 1, 11, 0, 11, 0, 0),
(892, 305, 1, 5, 30, 'ПОПОЛНЕНИЕ БАНК', '1', 1, 2, 0, 0, 0.08, 0, 0),
(893, 306, 1, 19, 27, 'СПИСАНИЕ БАНК', '0', 1, 2, 5, 1, 5, 0, 0),
(894, 307, 1, 18, 111, '', '0', 1, 1, 0, 0, 84, 0, 0),
(895, 307, 1, 22, 48, 'кофе молотый,пак.,250г, Еспрессо', '0', 1, 1, 24, 1, 24, 0, 0),
(896, 307, 1, 24, 113, '', '0', 1, 1, 0, 0, 8.5, 0, 0),
(897, 307, 1, 28, 64, 'пачк.,20шт.,Camel', '0', 1, 1, 12, 1, 12, 0, 0),
(898, 307, 1, 22, 48, 'кофе готовый натуральный', '0', 1, 1, 4, 1, 4, 0, 0),
(899, 307, 1, 18, 26, '', '0', 1, 1, 0, 0, 4.4, 0, 0),
(900, 308, 1, 9, 47, 'маршрутка', '0', 1, 1, 3, 1, 3, 0, 0),
(901, 308, 1, 28, 64, 'пачк.,20шт.,ВатраПремиум', '0', 1, 1, 8, 1, 8, 0, 0),
(902, 308, 1, 22, 48, 'кофе,автомат', '0', 1, 1, 4, 1, 4, 0, 0),
(903, 308, 1, 19, 27, 'банкомат - Шевцова, 1(админ.)', '0', 1, 2, 0, 0, 200, 0, 0),
(904, 308, 1, 5, 30, 'банкомат - Шевцова, 1(админ.)', '1', 1, 1, 0, 0, 200, 0, 0),
(905, 305, 1, 19, 28, 'СПИСАНИЕ ЗА МОБАЙЛ-БАНКИНГ ИЮНЬ ПРИВАТБАНК HEAD-OFFICE', '0', 1, 3, 3, 1, 3, 0, 0),
(906, 307, 1, 19, 28, 'Оплата услуг: Перевод личных средств MN=2213842405P=RPAYES REGULAR PAYMENTS P24 980 УКРАИНА, ДНЕПРОПЕТРОВСКАЯ, ДНЕПРОПЕТРОВСК, Г.ДНЕПРОПЕТРОВСК', '0', 1, 3, 10, 1, 10, 0, 0),
(907, 309, 1, 9, 47, 'маршрутка', '0', 1, 1, 3, 1, 3, 0, 0),
(908, 309, 1, 28, 64, 'пачк.,20шт.,ВатраПремиум', '0', 1, 1, 8, 2, 16, 0, 0),
(909, 309, 1, 19, 28, 'Снятие наличных(Ответ авторизац. сист: 1-Разрешен) БАНКОМАТ 4197 КИЕВ УКРАИНА, КИЕВСКАЯ, КИЕВ, УЛ.ЩЕРБАКОВА, 68 БУМИ-МАРКЕТ', '0', 1, 3, 80, 0, 100, 0, 0),
(910, 309, 1, 5, 31, 'Снятие наличных(Ответ авторизац. сист: 1-Разрешен) БАНКОМАТ 4197 КИЕВ УКРАИНА, КИЕВСКАЯ, КИЕВ, УЛ.ЩЕРБАКОВА, 68 БУМИ-МАРКЕТ', '1', 1, 1, 0, 0, 100, 0, 0),
(911, 309, 1, 20, 35, ',,,', '0', 1, 1, 0, 0, 33.6, 0, 0),
(912, 309, 1, 11, 93, '+380637083496', '0', 1, 3, 28, 1, 28, 0, 0),
(913, 310, 1, 19, 29, 'за пользование кредитным лимитом', '0', 1, 4, 3034.27, 0.025, 74.69, 0, 0),
(914, 310, 1, 28, 64, 'пачк.,20шт.,Camel', '0', 1, 1, 12, 1, 12, 0, 0),
(915, 310, 1, 22, 114, 'мороженное', '0', 1, 1, 5, 1, 5, 0, 0),
(916, 310, 1, 22, 62, 'печенье', '0', 1, 1, 5, 1, 5, 0, 0),
(917, 310, 1, 20, 40, 'молоко,пак.,1кг,2,5%', '0', 1, 1, 12, 1, 12, 0, 0),
(918, 311, 1, 20, 33, 'филе куринное', '0', 1, 1, 39.8, 1.03, 41, 0, 0),
(919, 311, 1, 20, 35, ',,,', '0', 1, 1, 0, 0, 31.1, 0, 0),
(920, 311, 1, 28, 64, 'пачк.,20шт.,ВатраПремиум', '0', 1, 1, 8, 2, 16, 0, 0),
(921, 311, 1, 24, 115, 'водка, сигареты', '0', 1, 1, 0, 0, 23, 0, 0),
(922, 311, 1, 22, 48, 'кофе готовый натуральный', '0', 1, 1, 5, 1, 5, 0, 0),
(923, 311, 1, 22, 48, 'пак.,MacCoffee', '0', 1, 1, 1.5, 6, 9, 0, 0),
(924, 311, 1, 20, 40, 'кефир, 1л', '0', 1, 1, 11, 1, 11, 0, 0),
(925, 311, 1, 21, 72, 'пак.,400г, майонез Щедро Провансаль 67%', '0', 1, 1, 11, 1, 11, 0, 0),
(926, 312, 1, 9, 47, 'маршрутка', '0', 1, 1, 3, 1, 3, 0, 0),
(927, 313, 1, 22, 48, 'кофе готовый натуральный', '0', 1, 1, 7, 1, 7, 0, 0),
(928, 313, 1, 22, 48, 'кофе,автомат', '0', 1, 1, 4.5, 1, 4.5, 0, 0),
(929, 313, 1, 28, 64, 'пачк.,20шт.,ВатраПремиум', '0', 1, 1, 8, 2, 16, 0, 0),
(930, 313, 1, 9, 47, 'маршрутка', '0', 1, 1, 3, 1, 3, 0, 0),
(931, 313, 1, 22, 48, 'кофе готовый натуральный', '0', 1, 1, 4, 1, 4, 0, 0),
(932, 313, 1, 22, 114, 'мороженное', '0', 1, 1, 5, 1, 5, 0, 0),
(933, 313, 1, 20, 40, 'молоко,пак.,1кг,2,5%', '0', 1, 1, 7.7, 1, 7.7, 0, 0),
(934, 313, 1, 22, 62, 'халва', '0', 1, 1, 0, 0, 8, 0, 0),
(935, 313, 1, 20, 68, 'булочки,пак.,4шт.', '0', 1, 1, 3.5, 1, 3.5, 0, 0),
(936, 313, 1, 22, 62, 'печенье', '0', 1, 1, 4, 1, 4, 0, 0),
(937, 314, 1, 2, 3, 'ПФ - на 08.2012', '1', 1, 3, 944, 1, 944, 0, 0),
(938, 314, 1, 19, 28, 'Снятие наличных(Ответ авторизац. сист: 1-Разрешен) БАНКОМАТ 7371 КИЕВ УКРАИНА, КИЕВСКАЯ, КИЕВ, УЛ.ТУПОЛЕВА, 13, ^РЫНОК^', '0', 1, 3, 500, 1, 500, 0, 0),
(939, 314, 1, 5, 31, 'Снятие наличных(Ответ авторизац. сист: 1-Разрешен) БАНКОМАТ 7371 КИЕВ УКРАИНА, КИЕВСКАЯ, КИЕВ, УЛ.ТУПОЛЕВА, 13, ^РЫНОК^', '1', 1, 1, 0, 0, 500, 0, 0),
(940, 314, 1, 16, 23, 'Тизин,бан.,10мл', '0', 1, 1, 30.44, 0.9, 27.4, 0, 0),
(941, 314, 1, 23, 81, 'тюб,100мл,ColgateTotalPropolis', '0', 1, 1, 8.4, 0.9, 7.56, 0, 0),
(942, 314, 1, 23, 81, 'МылоSafeguard', '0', 1, 1, 5.5, 1.8, 9.9, 0, 0),
(943, 314, 1, 28, 64, 'Табекс', '0', 1, 1, 138.87, 0.9, 124.99, 0, 0),
(944, 314, 1, 20, 49, 'Lipton,уп.(пак.,100шт.)', '0', 1, 1, 30.1, 1, 30.1, 0, 0),
(945, 314, 1, 20, 88, 'упаковка(1кг)', '0', 1, 1, 15, 1, 15, 0, 0),
(946, 314, 1, 22, 48, 'пак.,MacCoffee', '0', 1, 1, 1.5, 6, 9, 0, 0),
(947, 314, 1, 20, 35, 'помидоры', '0', 1, 1, 11, 3, 33, 0, 0),
(948, 314, 1, 28, 64, 'пачк.,20шт.,Camel', '0', 1, 1, 12, 1, 12, 0, 0),
(949, 314, 1, 22, 48, 'кофе готовый натуральный', '0', 1, 1, 5, 1, 5, 0, 0),
(950, 315, 1, 9, 41, 'метро', '0', 1, 1, 2, 1, 2, 0, 0),
(951, 315, 1, 20, 35, 'картофель', '0', 1, 1, 3.5, 4, 14, 0, 0),
(952, 315, 1, 20, 35, 'лук зеленый', '0', 1, 1, 0, 0, 6, 0, 0),
(953, 315, 1, 20, 59, 'яблоки', '0', 1, 1, 10, 2, 20, 0, 0),
(954, 315, 1, 20, 73, '…', '0', 1, 1, 0, 0, 83, 0, 0),
(955, 315, 1, 22, 62, 'мороженое', '0', 1, 1, 3.5, 1, 3.5, 0, 0),
(956, 315, 1, 28, 64, 'пачк.,20шт.,Camel', '0', 1, 1, 12, 1, 12, 0, 0),
(957, 315, 1, 22, 48, 'кофе готовый натуральный', '0', 1, 1, 4.5, 1, 4.5, 0, 0),
(958, 315, 1, 9, 41, 'маршрутка', '0', 1, 1, 3, 2, 5.5, 0, 0),
(959, 315, 1, 1, 1, 'ЗП - за 07.2012', '1', 1, 2, 4161.48, 0, 4702.72, 0, 0),
(960, 316, 1, 9, 47, 'маршрутка', '0', 1, 1, 3, 1, 3, 0, 0),
(961, 317, 1, 19, 28, '\"банкомат -\"\"Турбота\"\"\"', '0', 1, 3, 0, 0, 340, 0, 0),
(962, 317, 1, 5, 31, '\"банкомат -\"\"Турбота\"\"\"', '1', 1, 1, 0, 0, 340, 0, 0),
(963, 317, 1, 20, 33, 'филе куринное', '0', 1, 1, 39.9, 1.028, 41, 0, 0),
(964, 317, 1, 20, 33, 'суп.набор куринный', '0', 1, 1, 0, 0, 3.5, 0, 0),
(965, 317, 1, 20, 38, 'морск.окунь', '0', 1, 1, 45, 1.556, 70, 0, 0),
(966, 317, 1, 20, 35, ',,,', '0', 1, 1, 0, 0, 30, 0, 0),
(967, 317, 1, 20, 37, 'пак.,1кг,гречка', '0', 1, 1, 11, 1, 11, 0, 0),
(968, 317, 1, 20, 37, 'пак.,1кг,рис длиннозернистый,', '0', 1, 1, 9, 1, 9, 0, 0),
(969, 317, 1, 20, 36, 'куринные', '0', 1, 1, 11, 1, 11, 0, 0),
(970, 317, 1, 22, 48, 'пак.,MacCoffee', '0', 1, 1, 1.5, 6, 9, 0, 0),
(971, 317, 1, 20, 78, 'пак,1кг,соль поваренная', '0', 1, 1, 3, 1, 3, 0, 0),
(972, 317, 1, 20, 40, 'кефир, 1л', '0', 1, 1, 12, 1, 12, 0, 0),
(973, 317, 1, 21, 72, 'пак.,400г, майонез Щедро Провансаль 67%', '0', 1, 1, 11, 1, 11, 0, 0),
(974, 317, 1, 20, 40, 'творог домашн.', '0', 1, 1, 30, 0.7, 21, 0, 0),
(975, 317, 1, 18, 26, '', '0', 1, 1, 0, 0, 28.05, 0, 0),
(976, 317, 1, 11, 93, '+380637083496', '0', 1, 2, 35, 1, 35, 0, 0),
(977, 317, 1, 11, 42, 'комм. - за 07.2012', '0', 1, 2, 172.04, 1, 172.04, 0, 0),
(978, 317, 1, 11, 45, 'Укртелеком - за 07.2012', '0', 1, 2, 73.68, 1, 73.68, 0, 0),
(979, 317, 1, 11, 44, 'Воля (ТВ-И) - за 07.2012', '0', 1, 2, 172.9, 1, 172.9, 0, 0),
(980, 317, 1, 11, 110, 'Киевэнерго - за 07.2012', '0', 1, 2, 60.27, 1, 60.27, 0, 0),
(981, 317, 1, 11, 46, 'Portmone(абонплата) - за 07.2012', '0', 1, 2, 9.9, 1, 9.9, 0, 0),
(982, 318, 1, 9, 47, 'маршрутка', '0', 1, 1, 3, 1, 3, 0, 0),
(983, 319, 1, 19, 27, 'банкомат - Шевцова, 1(админ.)', '0', 1, 2, 2000, 1, 2000, 0, 0),
(984, 319, 1, 19, 27, 'банкомат - Шевцова, 1(админ.)', '0', 1, 2, 2000, 1, 2000, 0, 0),
(985, 319, 1, 5, 30, 'банкомат - Шевцова, 1(админ.)', '1', 1, 1, 0, 0, 2000, 0, 0),
(986, 319, 1, 5, 30, 'банкомат - Шевцова, 1(админ.)', '1', 1, 1, 0, 0, 2000, 0, 0),
(987, 319, 1, 19, 29, 'погашение кредита', '0', 1, 1, 0, 0, 1600, 0, 0),
(988, 319, 1, 5, 32, 'погашение кредита', '1', 1, 4, 0, 0, 1600, 0, 0),
(989, 319, 1, 9, 47, 'маршрутка', '0', 1, 1, 3, 1, 3, 0, 0),
(990, 320, 1, 20, 73, '', '0', 1, 1, 0, 0, 80.95, 0, 0),
(991, 321, 1, 10, 101, 'футболка', '0', 1, 1, 120, 1, 120, 0, 0),
(992, 321, 1, 23, 81, 'Oriflame:Крем д/рук Нежный бархат Большой объем', '0', 1, 1, 20, 1, 20, 0, 0),
(993, 321, 1, 10, 101, 'джинсы повтор низа', '0', 1, 1, 45, 1, 45, 0, 0),
(994, 321, 1, 20, 35, 'помидоры', '0', 1, 1, 11, 2.568, 28.25, 0, 0),
(995, 321, 1, 10, 99, 'крем серый', '0', 1, 1, 40, 1, 40, 0, 0),
(996, 321, 1, 10, 99, 'щетка', '0', 1, 1, 25, 1, 25, 0, 0),
(997, 321, 1, 9, 41, 'маршрутка', '0', 1, 1, 2.5, 2, 5, 0, 0),
(998, 321, 1, 22, 62, 'печенье', '0', 1, 1, 5, 1, 5, 0, 0),
(999, 321, 1, 22, 62, 'мороженое', '0', 1, 1, 3.5, 1, 3.5, 0, 0),
(1000, 322, 1, 9, 47, 'маршрутка', '0', 1, 1, 3, 1, 3, 0, 0),
(1001, 323, 1, 9, 47, 'маршрутка', '0', 1, 1, 3, 1, 3, 0, 0),
(1002, 323, 1, 20, 33, 'филе куринное', '0', 1, 1, 39.9, 1.195, 47.7, 0, 0),
(1003, 323, 1, 16, 22, 'Карбамазепин,кор.,20табл.,200мг', '0', 1, 1, 10.55, 1, 10.55, 0, 0),
(1004, 323, 1, 22, 48, 'кофе молотый,пак.,250г, Espresso', '0', 1, 1, 24, 1, 24, 0, 0),
(1005, 323, 1, 1, 1, 'отпускные', '1', 1, 2, 433.33, 3, 1300, 0, 0),
(1006, 324, 1, 9, 47, 'маршрутка', '0', 1, 1, 3, 1, 3, 0, 0),
(1007, 325, 1, 9, 47, 'маршрутка', '0', 1, 1, 3, 1, 3, 0, 0),
(1008, 325, 1, 20, 35, 'помидоры', '0', 1, 1, 9, 3, 27, 0, 0),
(1009, 325, 1, 20, 35, 'картофель', '0', 1, 1, 4, 3, 13.5, 0, 0),
(1010, 323, 1, 20, 40, 'кефир, 1л', '0', 1, 1, 12, 1, 12, 0, 0),
(1011, 323, 1, 22, 62, 'печенье', '0', 1, 1, 5, 1, 5, 0, 0),
(1012, 323, 1, 22, 62, 'мороженое', '0', 1, 1, 3.5, 1, 3.5, 0, 0),
(1013, 325, 1, 22, 62, 'мороженое', '0', 1, 1, 4, 1, 4, 0, 0),
(1014, 325, 1, 22, 62, 'печенье', '0', 1, 1, 7, 1, 7, 0, 0),
(1016, 518, 1, 1, 1, '', '1', 1, 1, 0, 0, 1644.7, 0, 0),
(1017, 518, 1, 1, 1, '', '1', 1, 2, 0, 0, 52.86, 0, 0),
(1018, 518, 1, 2, 3, '', '1', 1, 3, 0, 0, 550.53, 0, 0),
(1019, 518, 1, 3, 5, '', '0', 1, 4, 0, 0, 2617.21, 0, 0),
(1020, 519, 1, 20, 73, '', '0', 1, 1, 0, 0, 105.35, 0, 0),
(1021, 519, 1, 21, 118, 'вареники(капуста)', '0', 1, 1, 8, 1, 8, 0, 0),
(1023, 519, 1, 21, 118, 'вареники(сердце,печень)', '0', 1, 1, 16, 1, 16, 0, 0),
(1024, 519, 1, 28, 64, 'пачк.,20шт.,Camel', '0', 1, 1, 12, 1, 12, 0, 0),
(1025, 519, 1, 22, 48, 'кофе готовый натуральный', '0', 1, 1, 5, 1, 5, 0, 0),
(1026, 519, 1, 22, 82, 'майонез,400г,67%,Щедро,провансаль', '0', 1, 1, 10, 1, 10, 0, 0),
(1027, 519, 1, 23, 81, 'HeadShoulders,шампунь,400мл', '0', 1, 1, 47.25, 1, 47.25, 0, 0),
(1028, 520, 1, 9, 47, 'такси', '0', 1, 1, 25, 1, 25, 0, 0),
(1029, 520, 1, 22, 48, 'кофе,автомат', '0', 1, 1, 4, 4, 14, 0, 0),
(1030, 520, 1, 22, 62, 'сникерс,автомат', '0', 1, 1, 5.5, 1, 5.5, 0, 0),
(1031, 521, 1, 9, 47, 'такси', '0', 1, 1, 29, 1, 30, 0, 0),
(1032, 521, 1, 28, 64, 'пачк.,20шт.,Camel', '0', 1, 1, 12, 1, 12, 0, 0),
(1033, 521, 1, 22, 48, 'кофе готовый натуральный', '0', 1, 1, 5, 1, 5, 0, 0),
(1034, 521, 1, 20, 73, '…', '0', 1, 1, 0, 0, 70.9, 0, 0),
(1035, 522, 1, 28, 64, 'пачк.,20шт.,Camel', '0', 1, 1, 12, 1, 12, 0, 0),
(1036, 522, 1, 22, 48, 'кофе готовый натуральный', '0', 1, 1, 5, 1, 5, 0, 0),
(1037, 522, 1, 23, 71, 'бан.,200мл,ГельПослеБритья,Avon', '0', 1, 1, 35, 2, 70, 0, 0),
(1038, 522, 1, 28, 64, 'пачк.,20шт.,Camel', '0', 1, 1, 12, 1, 12, 0, 0),
(1039, 522, 1, 22, 48, 'кофе готовый натуральный', '0', 1, 1, 5, 1, 5, 0, 0),
(1040, 523, 1, 15, 98, 'ремонт подушки', '0', 1, 1, 43, 2, 86, 0, 0),
(1041, 523, 1, 15, 98, 'пошив наволочки', '0', 1, 1, 25, 2, 50, 0, 0),
(1042, 523, 1, 22, 48, 'кофе готовый натуральный', '0', 1, 1, 5, 2, 10, 0, 0),
(1043, 523, 1, 21, 39, '\"семечки, пак.,125г, \"\"Семки\"\"\"', '0', 1, 1, 5, 2, 10, 0, 0),
(1044, 523, 1, 22, 48, 'пак.,MacCoffee', '0', 1, 1, 1.5, 6, 9, 0, 0),
(1045, 523, 1, 12, 15, 'фонарик', '0', 1, 1, 25, 1, 25, 0, 0),
(1046, 523, 1, 12, 15, 'батарейка 3V', '0', 1, 1, 20, 1, 20, 0, 0),
(1047, 523, 1, 28, 64, 'пачк.,20шт.,Camel', '0', 1, 1, 12, 2, 24, 0, 0),
(1048, 523, 1, 20, 40, 'творог домашн.', '0', 1, 1, 35, 1, 35, 0, 0),
(1049, 523, 1, 20, 40, 'сметана, пак.,450г,20%', '0', 1, 1, 12.5, 1, 12.5, 0, 0),
(1050, 523, 1, 20, 59, 'малина перетертая, 0,5л', '0', 1, 1, 25, 1, 25, 0, 0),
(1051, 523, 1, 20, 35, 'баклажаны(консерв.,1л)', '0', 1, 1, 18, 1, 18, 0, 0),
(1052, 523, 1, 15, 98, 'постель', '0', 1, 1, 280, 1, 280, 0, 0),
(1053, 524, 1, 9, 47, 'маршрутка', '0', 1, 1, 3, 1, 3, 0, 0),
(1054, 524, 1, 20, 40, '…', '0', 1, 1, 0, 0, 28.5, 0, 0),
(1055, 524, 1, 28, 64, 'пачк.,20шт.,Camel', '0', 1, 1, 12, 2, 24, 0, 0),
(1056, 525, 1, 9, 47, 'такси', '0', 1, 1, 29, 1, 30, 0, 0),
(1057, 525, 1, 20, 73, '…', '0', 1, 1, 0, 0, 62, 0, 0),
(1058, 525, 1, 22, 48, 'кофе готовый натуральный', '0', 1, 1, 5, 1, 5, 0, 0),
(1059, 524, 1, 22, 48, 'кофе,автомат', '0', 1, 1, 3.5, 3, 10.5, 0, 0),
(1060, 524, 1, 22, 62, 'сникерс,автомат', '0', 1, 1, 5.5, 1, 5.5, 0, 0),
(1061, 525, 1, 1, 1, 'ЗП - за 01.2013', '1', 1, 2, 4702.72, 1, 4702.72, 0, 0),
(1062, 525, 1, 21, 118, 'вареники(капуста)', '0', 1, 1, 8, 3, 24, 0, 0),
(1063, 525, 1, 21, 118, 'вареники(сердце,печень)', '0', 1, 1, 16, 1, 16, 0, 0),
(1070, 526, 1, 11, 42, 'комм. - за 02.2013', '0', 1, 2, 214.89, 1, 214.89, 0, 0),
(1071, 526, 1, 11, 45, 'Укртелеком - за 02.2013', '0', 1, 2, 44.17, 1, 44.17, 0, 0),
(1072, 526, 1, 11, 44, 'Воля (ТВ-И) - за 02.2013', '0', 1, 2, 178.9, 1, 178.9, 0, 0),
(1073, 526, 1, 11, 110, 'Киевэнерго - за 02.2013', '0', 1, 2, 42.03, 1, 42.03, 0, 0),
(1074, 526, 1, 11, 46, 'Portmone(абонплата) - за 02.2013', '0', 1, 2, 9.9, 1, 9.9, 0, 0),
(1075, 526, 1, 28, 64, 'пачк.,20шт.,Camel', '0', 1, 1, 12, 1, 12, 0, 0),
(1076, 526, 1, 22, 48, 'кофе готовый натуральный', '0', 1, 1, 4.5, 1, 4.5, 0, 0),
(1077, 527, 1, 22, 48, 'кофе готовый натуральный', '0', 1, 1, 5, 1, 5, 0, 0),
(1078, 527, 1, 22, 48, 'пак.,MacCoffee', '0', 1, 1, 1.5, 6, 9, 0, 0),
(1079, 527, 1, 22, 48, 'пак.,ГорячийШоколад', '0', 1, 1, 2, 6, 12, 0, 0),
(1080, 527, 1, 20, 49, 'Akbar,уп.(пак.,25шт.)', '0', 1, 1, 8, 1, 8, 0, 0),
(1081, 527, 1, 20, 33, 'филе куринное', '0', 1, 1, 39.9, 1.178, 47, 0, 0),
(1082, 527, 1, 20, 33, 'суп.набор куринный', '0', 1, 1, 6.5, 0.462, 3, 0, 0),
(1083, 527, 1, 20, 59, 'яблоки', '0', 1, 1, 14, 2, 28, 0, 0),
(1084, 527, 1, 20, 35, 'капуста(цветная)', '0', 1, 1, 0, 0, 35, 0, 0),
(1085, 527, 1, 20, 35, 'морковь', '0', 1, 1, 15, 0.4, 6, 0, 0),
(1086, 527, 1, 20, 36, 'куринные', '0', 1, 1, 11, 1, 11, 0, 0),
(1087, 527, 1, 20, 36, 'уп.,10шт., перепелинные', '0', 1, 1, 10, 4, 40, 0, 0),
(1088, 527, 1, 20, 37, 'пак.,1кг,гречка', '0', 1, 1, 12, 1, 12, 0, 0),
(1089, 527, 1, 21, 102, '10овощей,190г', '0', 1, 1, 9.5, 1, 9.5, 0, 0),
(1090, 527, 1, 15, 116, 'т/б', '0', 1, 1, 5, 4, 20, 0, 0),
(1091, 527, 1, 23, 81, 'Oriflame:Крем д/рук Нежный бархат Большой объем', '0', 1, 1, 8, 1, 8, 0, 0),
(1092, 527, 1, 28, 64, 'пачк.,20шт.,Camel', '0', 1, 1, 12, 2, 24, 0, 0),
(1093, 527, 1, 20, 40, 'масло,колбасн.,400г', '0', 1, 1, 27.8, 1, 27.8, 0, 0),
(1094, 519, 1, 20, 36, 'уп.,10шт., перепелинные', '0', 1, 1, 10, 2, 20, 0, 0),
(1095, 528, 1, 9, 47, 'маршрутка', '0', 1, 1, 3, 1, 3, 0, 0),
(1096, 529, 1, 9, 47, 'маршрутка', '0', 1, 1, 3, 1, 3, 0, 0),
(1097, 528, 1, 22, 48, 'кофе,автомат', '0', 1, 1, 3.5, 2, 7, 0, 0),
(1098, 528, 1, 22, 48, 'кофе,автомат', '0', 1, 1, 4, 1, 4, 0, 0),
(1099, 529, 1, 19, 28, 'банкомат - Салютная', '0', 1, 3, 500, 1, 500, 0, 0),
(1100, 528, 1, 11, 93, '+380637083496', '0', 1, 3, 40, 1, 40, 0, 0),
(1101, 529, 1, 5, 31, 'банкомат - Салютная', '1', 1, 1, 0, 0, 500, 0, 0),
(1102, 529, 1, 2, 3, 'ПФ - на 03.2013', '1', 1, 3, 994, 1, 994, 0, 0),
(1103, 530, 1, 9, 47, 'маршрутка', '0', 1, 1, 3, 1, 3, 0, 0),
(1104, 530, 1, 28, 64, 'пачк.,20шт.,Camel', '0', 1, 1, 12, 1, 12, 0, 0),
(1105, 530, 1, 22, 48, 'кофе готовый натуральный', '0', 1, 1, 5, 1, 5, 0, 0),
(1106, 529, 1, 22, 48, 'кофе,автомат', '0', 1, 1, 3.5, 3, 10.5, 0, 0),
(1107, 529, 1, 28, 64, 'пачк.,20шт.,Camel', '0', 1, 1, 12, 1, 12, 0, 0),
(1108, 530, 1, 3, 5, 'взял у Матвеева', '1', 1, 1, 0, 0, 1, 0, 0),
(1109, 529, 1, 28, 64, 'пачк.,20шт.,Camel', '0', 1, 1, 12, 1, 12, 0, 0),
(1110, 530, 1, 22, 48, 'кофе молотый,пак.,250г, lavAzza', '0', 1, 1, 49, 1, 49, 0, 0),
(1111, 529, 1, 22, 62, '', '0', 1, 1, 0, 0, 8.65, 0, 0),
(1112, 531, 1, 28, 64, 'пачк.,20шт.,Camel', '0', 1, 1, 12, 2, 24, 0, 0),
(1113, 531, 1, 22, 48, 'кофе готовый натуральный', '0', 1, 1, 5, 1, 5, 0, 0),
(1114, 531, 1, 21, 118, 'вареники(капуста)', '0', 1, 1, 8, 2, 16, 0, 0),
(1115, 531, 1, 21, 118, 'вареники(сердце,печень)', '0', 1, 1, 16, 1, 16, 0, 0),
(1116, 531, 1, 20, 40, '…', '0', 1, 1, 0, 0, 23, 0, 0),
(1117, 542, 1, 19, 27, 'банкомат', '0', 1, 2, 0, 0, 3000, 0, 0),
(1118, 542, 1, 5, 30, 'банкомат', '1', 1, 1, 0, 0, 3000, 0, 0),
(1119, 549, 1, 19, 27, 'банкомат - Шевцова, 1(админ.)', '0', 1, 2, 0, 0, 1000, 0, 0),
(1120, 549, 1, 5, 30, 'банкомат - Шевцова, 1(админ.)', '1', 1, 1, 0, 0, 1000, 0, 0),
(1121, 549, 1, 22, 48, 'кофе,автомат', '0', 1, 1, 3.5, 1, 3.5, 0, 0),
(1122, 549, 1, 9, 47, 'маршрутка', '0', 1, 1, 3, 1, 3, 0, 0),
(1123, 549, 1, 23, 65, '\"бут.,50мл,  Avon \"\"015\"\"\"', '0', 1, 1, 107, 1, 107, 0, 0),
(1124, 549, 1, 28, 64, 'пачк.,20шт.,Camel', '0', 1, 1, 12, 1, 12, 0, 0),
(1125, 549, 1, 20, 73, '…', '0', 1, 1, 0, 0, 110, 0, 0),
(1126, 547, 1, 19, 29, 'ВЫДАЧА НАЛИЧНЫХ ДЕНЕГ БАНКОМАТ', '0', 1, 4, 0, 0, 300, 0, 0),
(1127, 547, 1, 5, 32, 'ВЫДАЧА НАЛИЧНЫХ ДЕНЕГ БАНКОМАТ 2680 УЛ.ТУПОЛЕВА, 24 МАРКЕТ ^ФОРА^', '1', 1, 1, 0, 0, 300, 0, 0),
(1128, 535, 1, 19, 28, 'ВЫДАЧА НАЛИЧНЫХ ДЕНЕГ БАНКОМАТ 4197 КИЕВ УКРАИНА, КИЕВСКАЯ, КИЕВ, УЛ.ЩЕРБАКОВА, 68 БУМИ-МАРКЕТ', '0', 1, 3, 80, 0, 1000, 0, 0),
(1129, 535, 1, 5, 31, 'ВЫДАЧА НАЛИЧНЫХ ДЕНЕГ БАНКОМАТ 4197 КИЕВ УКРАИНА, КИЕВСКАЯ, КИЕВ, УЛ.ЩЕРБАКОВА, 68 БУМИ-МАРКЕТ', '1', 1, 1, 0, 0, 1000, 0, 0),
(1130, 544, 1, 19, 28, 'ПОГАШЕНИЕ КРЕДИТА ПРИВАТБАНК HEAD-OFFICE', '0', 1, 3, 0, 0, 4.53, 0, 0),
(1131, 544, 1, 19, 28, ' - ПОГАШЕНИЕ КРЕДИТА ПРИВАТБАНК HEAD-OFFICE', '0', 1, 3, 200, 0, 167.39, 0, 0),
(1132, 544, 1, 5, 32, 'ПОГАШЕНИЕ КРЕДИТА ПРИВАТБАНК HEAD-OFFICE', '1', 1, 1, 0, 0, 4.53, 0, 0),
(1133, 544, 1, 5, 32, ' - ПОГАШЕНИЕ КРЕДИТА ПРИВАТБАНК HEAD-OFFICE', '1', 1, 1, 0, 0, 167.39, 0, 0),
(1134, 549, 1, 19, 29, ' - процентная ставка по потребительским кредитам (2,9974218%)', '0', 1, 4, 0, 0, 10.47, 0, 0),
(1135, 547, 1, 5, 30, 'ПОПОЛНЕНИЕ БАНК', '1', 1, 2, 0, 0, 0.21, 0, 0),
(1136, 547, 1, 19, 27, 'СПИСАНИЕ БАНК', '0', 1, 2, 0, 0, 5, 0, 0),
(1137, 550, 1, 11, 93, '+380637083496', '0', 1, 4, 0, 0, 45, 0, 0),
(1138, 551, 1, 16, 23, '…', '0', 1, 1, 0, 0, 78.9, 0, 0),
(1139, 551, 1, 22, 48, 'кофе готовый натуральный', '0', 1, 1, 5, 3, 15, 0, 0),
(1140, 551, 1, 11, 109, 'за 2 квартал 2013г.', '0', 1, 4, 28.5, 1.105, 31.5, 0, 0),
(1141, 551, 1, 19, 29, '', '0', 1, 4, 0, 0, 0.95, 0, 0),
(1142, 549, 1, 25, 95, '', '0', 1, 1, 0, 0, 802.92, 0, 0),
(1143, 546, 1, 12, 15, 'Мобильный телефон Samsung E1200 Black', '0', 1, 1, 188, 0.984, 185, 0, 0),
(1144, 546, 1, 12, 15, 'Электрочайник Saturn ST-EK0001 (blue)', '0', 1, 1, 118, 0.924, 109, 0, 0),
(1145, 546, 1, 12, 15, 'Extradigital HDMI to HDMI, 3m, 1.4b V (KD00AS1510)', '0', 1, 1, 150, 0.92, 138, 0, 0),
(1146, 546, 1, 12, 15, 'Флеш накопитель Transcend JetFlash 600 16Gb (TS16GJF600)', '0', 1, 1, 130, 0.923, 120, 0, 0),
(1147, 546, 1, 15, 116, 'смеситель', '0', 1, 1, 0, 0, 910, 0, 0),
(1148, 546, 1, 15, 117, 'сковородка', '0', 1, 1, 0, 0, 260, 0, 0),
(1149, 546, 1, 15, 117, '\"Фильтр \"\"Брита\"\"\"', '0', 1, 1, 200, 1, 200, 0, 0),
(1150, 546, 1, 15, 117, 'кастрюля', '0', 1, 1, 100, 1, 100, 0, 0),
(1151, 551, 1, 28, 64, 'пачк.,20шт.,Chesterfield', '0', 1, 1, 13, 1, 13, 0, 0),
(1152, 552, 1, 22, 48, 'кофе готовый натуральный', '0', 1, 1, 4, 1, 4, 0, 0),
(1153, 552, 1, 28, 64, 'пачк.,20шт.,Camel', '0', 1, 1, 12, 1, 12, 0, 0),
(1154, 552, 1, 22, 82, 'майонез,400г,67%,Щедро,провансаль', '0', 1, 1, 10, 1, 10, 0, 0),
(1155, 546, 1, 15, 117, 'ведро', '0', 1, 1, 45, 1, 45, 0, 0),
(1156, 544, 1, 9, 47, 'маршрутка', '0', 1, 1, 3, 1, 3, 0, 0),
(1157, 545, 1, 9, 47, 'маршрутка', '0', 1, 1, 3, 1, 3, 0, 0),
(1158, 544, 1, 22, 48, 'кофе,автомат', '0', 1, 1, 4, 3, 12, 0, 0),
(1159, 544, 1, 25, 66, 'за смену Ральченко (22.03.13 Вт.)', '0', 1, 1, 600, 1, 600, 0, 0),
(1160, 538, 1, 25, 95, '', '0', 1, 1, 0, 0, 1000, 0, 0),
(1161, 546, 1, 15, 117, 'чашка', '0', 1, 1, 20, 3, 60, 0, 0),
(1162, 546, 1, 15, 117, 'кастрюля', '0', 1, 1, 140, 1, 140, 0, 0),
(1163, 552, 1, 19, 29, 'за пользование кредитным лимитом', '0', 1, 4, 3005.13, 0.025, 64.26, 0, 0),
(1164, 552, 1, 9, 47, 'маршрутка', '0', 1, 1, 3, 1, 3, 0, 0),
(1165, 552, 1, 22, 48, 'кофе,автомат', '0', 1, 1, 4, 1, 4, 0, 0),
(1166, 552, 1, 22, 62, 'сникерс,автомат', '0', 1, 1, 5.5, 1, 5.5, 0, 0),
(1167, 553, 1, 9, 47, 'маршрутка', '0', 1, 1, 3, 1, 3, 0, 0),
(1168, 553, 1, 22, 48, 'кофе,автомат', '0', 1, 1, 4, 1, 4, 0, 0),
(1169, 553, 1, 22, 48, 'кофе готовый натуральный', '0', 1, 1, 4, 1, 4, 0, 0),
(1170, 553, 1, 21, 39, '\"семечки, пак.,125г, \"\"Семки\"\"\"', '0', 1, 1, 6.2, 1, 6.2, 0, 0),
(1171, 552, 1, 28, 64, 'пачк.,20шт.,Camel', '0', 1, 1, 12, 1, 12, 0, 0),
(1172, 553, 1, 18, 26, '', '0', 1, 1, 0, 0, 12.3, 0, 0),
(1173, 553, 1, 3, 5, 'Жека вернул', '1', 1, 1, 0, 0, 20, 0, 0),
(1174, 554, 1, 20, 33, 'филе куринное', '0', 1, 1, 39.9, 1.25, 49.88, 0, 0),
(1175, 554, 1, 20, 33, 'суп.набор куринный', '0', 1, 1, 6.5, 0.4, 2.6, 0, 0),
(1176, 554, 1, 20, 37, 'пак.,1кг,гречка', '0', 1, 1, 14, 2, 28, 0, 0),
(1177, 554, 1, 20, 37, 'пак.,1кг,рис длиннозернистый,', '0', 1, 1, 12, 1, 12, 0, 0),
(1178, 554, 1, 20, 38, 'банк.,240г, сардины', '0', 1, 1, 11.5, 1, 11.5, 0, 0),
(1179, 554, 1, 21, 72, 'пак.,450г, Кетчуп, Чумак', '0', 1, 1, 15, 1, 15, 0, 0),
(1180, 554, 1, 20, 36, 'куринные', '0', 1, 1, 11, 1, 11, 0, 0),
(1181, 554, 1, 22, 48, 'кофе молотый,пак.,250г, Еспрессо', '0', 1, 1, 25, 1, 25, 0, 0),
(1182, 554, 1, 20, 35, '…', '0', 1, 1, 0, 0, 60.57, 0, 0),
(1183, 554, 1, 23, 81, 'Oriflame:Крем д/рук Нежный бархат Большой объем', '0', 1, 1, 15, 1, 12, 0, 0),
(1184, 554, 1, 15, 100, 'GLOBOL, 75г', '0', 1, 1, 37, 1, 37, 0, 0),
(1185, 553, 1, 28, 64, 'пачк.,20шт.,Camel', '0', 1, 1, 12, 2, 24, 0, 0),
(1186, 553, 1, 20, 40, 'молоко,пак.,1кг,2,5%', '0', 1, 1, 12, 2, 24, 0, 0),
(1187, 553, 1, 22, 62, 'вафли Артек', '0', 1, 1, 0, 0, 10, 0, 0),
(1190, 554, 1, 22, 48, 'пак.,ГорячийШоколад', '0', 1, 1, 2, 5, 10, 0, 0),
(1191, 554, 1, 22, 48, 'пак.,MacCoffee', '0', 1, 1, 1.5, 6, 9, 0, 0),
(1192, 554, 1, 22, 62, 'вафли Артек', '0', 1, 1, 4, 1, 4, 0, 0),
(1193, 557, 1, 5, 30, 'ПОПОЛНЕНИЕ БАНК', '1', 1, 2, 4702.72, 1, 4702.72, 0, 0),
(1194, 557, 1, 2, 3, 'ПФ - на 04.2013', '1', 1, 3, 1161.39, 1, 1161.39, 0, 0),
(1195, 563, 1, 25, 120, 'Матвееву-СПИСАНИЕ С КАРТОЧНОГО СЧЕТА', '0', 1, 3, 500, 1.001, 500.5, 0, 0),
(1196, 563, 1, 25, 120, 'Матвееву-СПИСАНИЕ С КАРТОЧНОГО СЧЕТА', '0', 1, 3, 0.5, 1, 0.5, 0, 0),
(1198, 565, 1, 19, 28, '\"Снятие наличных в банкомате: \"\"РЫНОК\"\", УЛ.ТУПОЛЕВА, 13\"', '0', 1, 3, 300, 1, 300, 0, 0),
(1199, 565, 1, 5, 31, '\"Снятие наличных в банкомате: \"\"РЫНОК\"\", УЛ.ТУПОЛЕВА, 13\"', '1', 1, 1, 0, 0, 300, 0, 0),
(1200, 558, 1, 19, 29, 'ВЫДАЧА НАЛИЧНЫХ ДЕНЕГ 2515138/TUPOLEVA, 24, KIEV, UA 2515138/TUPOLEVA, 24, KIEV, UA', '0', 1, 4, 200, 1.05, 210, 0, 0),
(1201, 558, 1, 5, 32, 'ВЫДАЧА НАЛИЧНЫХ ДЕНЕГ 2515138/TUPOLEVA, 24, KIEV, UA 2515138/TUPOLEVA, 24, KIEV, UA', '1', 1, 1, 0, 0, 200, 0, 0),
(1202, 559, 1, 5, 32, 'ВЫДАЧА НАЛИЧНЫХ ДЕНЕГ 2515138/TUPOLEVA, 24, KIEV, UA 2515138/TUPOLEVA, 24, KIEV, UA', '1', 1, 1, 0, 0, 500, 0, 0),
(1203, 559, 1, 19, 29, 'ВЫДАЧА НАЛИЧНЫХ ДЕНЕГ 2515138/TUPOLEVA, 24, KIEV, UA 2515138/TUPOLEVA, 24, KIEV, UA', '0', 1, 4, 500, 1.05, 525, 0, 0),
(1204, 566, 1, 25, 95, '', '0', 1, 1, 0, 0, 1076.2, 0, 0),
(1205, 558, 1, 19, 28, 'SAMDN4000 **** **** 9260 ПОГАШЕНИЕ КРЕДИТА ПРИВАТБАНК HEAD-OFFICE ПРИВАТБАНК HEAD-OFFICE', '0', 1, 3, 0, 0, 167.39, 0, 0),
(1206, 558, 1, 5, 32, 'SAMDN4000 **** **** 9260 ПОГАШЕНИЕ КРЕДИТА ПРИВАТБАНК HEAD-OFFICE ПРИВАТБАНК HEAD-OFFICE', '1', 1, 4, 0, 0, 167.39, 0, 0),
(1207, 566, 1, 9, 47, 'такси', '0', 1, 1, 25, 1, 25, 0, 0),
(1208, 566, 1, 22, 62, 'вафли Артек', '0', 1, 1, 4.5, 1, 4.5, 0, 0),
(1209, 567, 1, 19, 27, 'банкомат - Шевцова, 1(админ.)', '0', 1, 2, 1000, 1, 1000, 0, 0),
(1210, 567, 1, 19, 27, 'банкомат - Шевцова, 1(админ.)', '0', 1, 2, 2000, 1, 2000, 0, 0),
(1212, 567, 1, 5, 30, 'банкомат - Шевцова, 1(админ.)', '1', 1, 1, 0, 0, 3000, 0, 0),
(1213, 567, 1, 5, 32, 'Депозит через POS-терминал(Ответ авторизац. сист: 1-Разрешен) ТЕРМИНАЛ САМООБСЛУЖИВАНИЯ 200552 КИЕВ УКРАИНА, КИЕВСКАЯ, КИЕВ, УЛ.ДЕГТЯРЕВСКАЯ, 62, ОТДЕЛЕНИЕ БАНКА', '1', 1, 4, 0, 0, 2700, 0, 0),
(1214, 567, 1, 19, 29, 'Депозит через POS-терминал(Ответ авторизац. сист: 1-Разрешен) ТЕРМИНАЛ САМООБСЛУЖИВАНИЯ 200552 КИЕВ УКРАИНА, КИЕВСКАЯ, КИЕВ, УЛ.ДЕГТЯРЕВСКАЯ, 62, ОТДЕЛЕНИЕ БАНКА', '0', 1, 1, 0, 0, 2700, 0, 0),
(1215, 567, 1, 9, 47, 'маршрутка', '0', 1, 1, 2.5, 1, 2.5, 0, 0),
(1216, 567, 1, 16, 22, '…', '0', 1, 1, 0, 0, 110.5, 0, 0),
(1218, 567, 1, 22, 82, 'майонез,400г,67%,Щедро,провансаль', '0', 1, 1, 10, 1, 10, 0, 0),
(1219, 567, 1, 20, 73, '…', '0', 1, 1, 0, 0, 35.1, 0, 0),
(1220, 566, 1, 1, 2, 'смена - Камыш', '1', 1, 2, 475, 1, 475, 0, 0),
(1227, 568, 1, 9, 47, 'маршрутка', '0', 1, 1, 3, 1, 3, 0, 0),
(1228, 568, 1, 22, 48, 'кофе,автомат', '0', 1, 1, 4, 1, 4, 0, 0),
(1230, 568, 1, 11, 42, 'комм. - за 03.2013', '0', 1, 2, 230.22, 1, 230.22, 0, 0),
(1231, 568, 1, 11, 45, 'Укртелеком - за 03.2013', '0', 1, 2, 64.02, 1, 64.02, 0, 0),
(1232, 568, 1, 11, 44, 'Воля (ТВ-И) - за 03.2013', '0', 1, 2, 178.9, 1, 178.9, 0, 0),
(1233, 568, 1, 11, 110, 'Киевэнерго - за 03.2013', '0', 1, 2, 42.03, 1, 42.03, 0, 0),
(1234, 568, 1, 11, 46, 'Portmone(абонплата) - за 03.2013', '0', 1, 2, 9.9, 1, 9.9, 0, 0),
(1235, 568, 1, 11, 93, '+380637083496', '0', 1, 2, 40, 1, 40, 0, 0),
(1236, 569, 1, 9, 47, 'маршрутка', '0', 1, 1, 3, 1, 3, 0, 0),
(1237, 570, 1, 9, 47, 'маршрутка', '0', 1, 1, 3, 1, 3, 0, 0),
(1238, 571, 1, 9, 47, 'маршрутка', '0', 1, 1, 3, 1, 3, 0, 0),
(1239, 571, 1, 5, 30, 'банкомат - Шевцова, 1(админ.)', '1', 1, 1, 0, 0, 1000, 0, 0),
(1240, 571, 1, 19, 27, 'банкомат - Шевцова, 1(админ.)', '0', 1, 2, 1000, 1, 1000, 0, 0),
(1242, 572, 1, 9, 47, 'такси', '0', 1, 1, 25, 1, 25, 0, 0),
(1243, 573, 1, 9, 47, 'такси', '0', 1, 1, 25, 1, 25, 0, 0),
(1244, 568, 1, 19, 29, 'Жеке Овчару - СПИСАНИЕ С КАРТОЧНОГО СЧЕТА.', '0', 1, 4, 50, 1.01, 50.5, 0, 0),
(1245, 568, 1, 19, 29, 'Жеке Овчару - СПИСАНИЕ С КАРТОЧНОГО СЧЕТА.', '0', 1, 4, 0.5, 1.04, 0.52, 0, 0),
(1246, 568, 1, 19, 29, '', '0', 1, 4, 0, 0, 1.52, 0, 0),
(1247, 572, 1, 22, 62, 'вафли Артек', '0', 1, 1, 4.5, 1, 4.5, 0, 0),
(1248, 573, 1, 15, 117, 'кастрюля', '0', 1, 1, 140, 1, 140, 0, 0),
(1249, 573, 1, 15, 51, '\"кассета \"\"Брита\"\"\"', '0', 1, 1, 65, 1, 65, 0, 0),
(1250, 573, 1, 15, 98, 'вешалка', '0', 1, 1, 6, 5, 30, 0, 0),
(1251, 573, 1, 23, 112, 'т.б.', '0', 1, 1, 5, 6, 30, 0, 0),
(1252, 573, 1, 20, 35, 'лук репчатый', '0', 1, 1, 8, 1, 8, 0, 0),
(1253, 573, 1, 15, 98, 'для снятия пыли', '0', 1, 1, 0, 0, 15, 0, 0),
(1254, 573, 1, 20, 73, '…', '0', 1, 1, 0, 0, 310.95, 0, 0),
(1255, 574, 1, 23, 76, 'Лорик', '0', 1, 1, 50, 1, 50, 0, 0),
(1257, 574, 1, 21, 119, '…', '0', 1, 1, 0, 0, 122, 0, 0),
(1258, 574, 1, 21, 119, '…', '0', 1, 1, 0, 0, 28.5, 0, 0),
(1259, 575, 1, 22, 48, 'кофе готовый натуральный', '0', 1, 1, 5, 1, 5, 0, 0),
(1260, 575, 1, 22, 48, 'пак.,ГорячийШоколад', '0', 1, 1, 2, 6, 12, 0, 0),
(1261, 575, 1, 22, 48, 'кофе молотый,пак.,250г, Espresso', '0', 1, 1, 25, 1, 25, 0, 0),
(1262, 575, 1, 15, 79, 'Calgon,550g', '0', 1, 1, 51.15, 1, 51.15, 0, 0),
(1263, 575, 1, 20, 33, 'филе куринное', '0', 1, 1, 39.9, 1.2, 47.88, 0, 0),
(1264, 575, 1, 20, 49, 'Akbar,уп.(пак.,25шт.,50г)', '0', 1, 1, 10, 2, 20, 0, 0),
(1265, 575, 1, 20, 59, 'яблоки', '0', 1, 1, 14, 2, 28, 0, 0),
(1266, 575, 1, 20, 35, 'морковь', '0', 1, 1, 0, 0, 5.22, 0, 0),
(1267, 575, 1, 20, 35, 'чеснок, шт.', '0', 1, 1, 2, 3, 6, 0, 0),
(1268, 575, 1, 20, 36, 'куринные', '0', 1, 1, 11, 1, 11, 0, 0),
(1269, 581, 1, 19, 27, 'банкомат - Шевцова, 1(админ.)', '0', 1, 2, 0, 0, 850, 0, 0),
(1270, 581, 1, 5, 30, 'банкомат - Шевцова, 1(админ.)', '1', 1, 1, 0, 0, 850, 0, 0),
(1272, 580, 1, 9, 47, 'маршрутка', '0', 1, 1, 3, 1, 3, 0, 0),
(1273, 580, 1, 22, 62, 'Twix,автомат', '0', 1, 1, 5.5, 2, 11, 0, 0),
(1274, 580, 1, 22, 48, 'кофе,автомат', '0', 1, 1, 3.5, 1, 3.5, 0, 0),
(1276, 581, 1, 9, 47, 'маршрутка', '0', 1, 1, 3, 1, 3, 0, 0),
(1277, 579, 1, 19, 27, 'СПИСАНИЕ БАНК', '0', 1, 2, 0, 0, 5, 0, 0),
(1278, 578, 1, 5, 30, 'ПОПОЛНЕНИЕ БАНК', '1', 1, 2, 0, 0, 1.14, 0, 0),
(1279, 579, 1, 20, 73, '…', '0', 1, 1, 0, 0, 166.75, 0, 0),
(1280, 582, 1, 19, 29, 'за пользование кредитным лимитом', '0', 1, 4, 0, 0, 60.72, 0, 0),
(1282, 582, 1, 19, 29, '', '0', 1, 4, 200, 0, 0.09, 0, 0),
(1283, 587, 1, 1, 1, 'ЗП - за 04.2013', '1', 1, 2, 4161.48, 1.526, 6348.59, 0, 0),
(1284, 595, 1, 19, 27, 'банкомат - Шевцова, 1(админ.)', '0', 1, 2, 0, 0, 2000, 0, 0),
(1285, 595, 1, 5, 30, 'банкомат - Шевцова, 1(админ.)', '1', 1, 1, 0, 0, 2000, 0, 0),
(1286, 595, 1, 25, 66, 'за смену Ральченко (05.05.13 Вc.)', '0', 1, 1, 0, 0, 1000, 0, 0),
(1287, 595, 1, 11, 42, 'комм. - за 04.2013', '0', 1, 2, 228.88, 1, 228.88, 0, 0),
(1288, 595, 1, 11, 45, 'Укртелеком - за 04.2013', '0', 1, 2, 45.82, 1, 45.82, 0, 0),
(1289, 595, 1, 11, 44, 'Воля (ТВ-И) - за 04.2013', '0', 1, 2, 178.9, 1, 178.9, 0, 0),
(1290, 595, 1, 11, 110, 'Киевэнерго - за 04.2013', '0', 1, 2, 71.21, 1, 71.21, 0, 0),
(1291, 595, 1, 11, 46, 'Portmone(абонплата) - за 04.2013', '0', 1, 2, 9.9, 1, 9.9, 0, 0),
(1292, 595, 1, 11, 93, '+380637083496', '0', 1, 4, 40, 1, 40, 0, 0),
(1293, 597, 1, 20, 73, '…', '0', 1, 1, 0, 0, 80, 0, 0),
(1294, 597, 1, 18, 121, 'код', '0', 1, 1, 1400, 0.5, 700, 0, 0),
(1295, 587, 1, 2, 3, 'ПФ - на 05.2013', '1', 1, 3, 994, 1, 994, 0, 0),
(1296, 587, 1, 25, 67, 'Продуктовый магазин: ФОРА, КИЇВ, ВУЛ. ТУПОЛЄВА, 24', '0', 1, 3, 0, 0, 62.58, 0, 0),
(1297, 587, 1, 25, 67, 'Продуктовый магазин: ФОРА, КИЇВ, ВУЛ. ТУПОЛЄВА, 24', '0', 1, 3, 0, 0, 56.07, 0, 0),
(1298, 587, 1, 25, 67, 'Снятие наличных в банкомате: AT TUPOLEVA, 24, KIEV', '0', 1, 3, 0, 0, 200, 0, 0),
(1299, 588, 1, 25, 67, 'Снятие наличных в банкомате: AT TUPOLEVA, 24, KIEV', '0', 1, 3, 0, 0, 100, 0, 0),
(1300, 589, 1, 25, 67, 'Снятие наличных в банкомате: AT TUPOLEVA, 24, KIEV', '0', 1, 3, 0, 0, 100, 0, 0),
(1301, 590, 1, 25, 67, 'Снятие наличных в банкомате: AT TUPOLEVA, 24, KIEV', '0', 1, 3, 0, 0, 100, 0, 0),
(1303, 591, 1, 25, 67, 'Снятие наличных в банкомате: AT TUPOLEVA, 24, KIEV', '0', 1, 3, 0, 0, 200, 0, 0),
(1304, 594, 1, 25, 67, 'Снятие наличных в банкомате: AT TUPOLEVA, 24, KIEV', '0', 1, 3, 0, 0, 200, 0, 0),
(1305, 586, 1, 25, 67, 'Снятие наличных в банкомате: 2515138, TUPOLEVA, 24', '0', 1, 4, 100, 1.05, 105, 0, 0),
(1308, 586, 1, 25, 67, 'Снятие наличных в банкомате: 2515138, TUPOLEVA, 24', '0', 1, 4, 100, 1.05, 105, 0, 0),
(1309, 586, 1, 25, 67, 'Снятие наличных в банкомате: 2515138, TUPOLEVA, 24', '0', 1, 4, 100, 1.05, 105, 0, 0),
(1310, 597, 1, 9, 47, 'маршрутка', '0', 1, 1, 3, 1, 3, 0, 0),
(1311, 596, 1, 9, 47, 'маршрутка', '0', 1, 1, 3, 1, 3, 0, 0),
(1312, 596, 1, 9, 47, 'маршрутка', '0', 1, 1, 3, 1, 3, 0, 0),
(1313, 596, 1, 22, 48, 'кофе,автомат', '0', 1, 1, 3.5, 2, 7, 0, 0),
(1314, 595, 1, 19, 27, '', '0', 1, 2, 0, 0, 0.54, 0, 0),
(1315, 591, 1, 25, 95, '…', '0', 1, 1, 0, 0, 938.45, 0, 0),
(1316, 595, 1, 9, 47, 'маршрутка', '0', 1, 1, 3, 1, 3, 0, 0),
(1317, 599, 1, 22, 48, 'кофе готовый натуральный', '0', 1, 1, 5, 1, 5, 0, 0),
(1318, 599, 1, 20, 33, 'печень куринная', '0', 1, 1, 30, 1.15, 34.5, 0, 0),
(1319, 599, 1, 16, 23, 'Донормил(шип.),бан.,20табл.', '0', 1, 1, 26.96, 1, 26.96, 0, 0),
(1320, 599, 1, 20, 35, '…', '0', 1, 1, 0, 0, 20, 0, 0),
(1321, 599, 1, 20, 36, 'уп.,10шт., перепелинные', '0', 1, 1, 10, 2, 20, 0, 0),
(1322, 599, 1, 20, 49, 'Akbar,уп.(пак.,25шт.,50г)', '0', 1, 1, 10, 2, 20, 0, 0),
(1323, 599, 1, 22, 48, 'пак.,ГорячийШоколад', '0', 1, 1, 2, 5, 10, 0, 0),
(1324, 599, 1, 20, 73, '…', '0', 1, 1, 0, 0, 13.14, 0, 0),
(1325, 601, 1, 22, 48, 'кофе,автомат', '0', 1, 1, 3.5, 1, 3.5, 0, 0),
(1326, 601, 1, 19, 27, 'банкомат - Шевцова, 1(админ.)', '0', 1, 2, 0, 0, 2000, 0, 0),
(1327, 601, 1, 19, 27, 'банкомат - Шевцова, 1(админ.)', '0', 1, 2, 0, 0, 1000, 0, 0),
(1328, 601, 1, 5, 30, 'банкомат - Шевцова, 1(админ.)', '1', 1, 1, 0, 0, 2000, 0, 0),
(1329, 601, 1, 5, 30, 'банкомат - Шевцова, 1(админ.)', '1', 1, 1, 0, 0, 1000, 0, 0),
(1330, 601, 1, 5, 30, '', '1', 1, 2, 0, 0, 0.54, 0, 0),
(1331, 601, 1, 19, 29, 'погашение кредита', '0', 1, 1, 0, 0, 1428, 0, 0),
(1332, 601, 1, 5, 32, 'погашение кредита', '1', 1, 4, 0, 0, 1428, 0, 0),
(1333, 601, 1, 10, 101, 'портмоне', '0', 1, 1, 310, 1, 310, 0, 0),
(1334, 601, 1, 15, 117, 'тарелка глубокая', '0', 1, 1, 17, 2, 34, 0, 0),
(1335, 601, 1, 15, 51, '\"кассета \"\"Барьер\"\"\"', '0', 1, 1, 65, 1, 65, 0, 0),
(1336, 601, 1, 20, 33, 'филе куринное', '0', 1, 1, 39.9, 1.15, 45.88, 0, 0),
(1337, 601, 1, 20, 40, 'творог домашн.', '0', 1, 1, 30, 0.8, 24, 0, 0),
(1338, 601, 1, 20, 40, 'сметана, домашн.,0,5л', '0', 1, 1, 14, 1, 14, 0, 0),
(1339, 601, 1, 20, 35, 'помидоры', '0', 1, 1, 25, 1.059, 26.47, 0, 0),
(1340, 601, 1, 20, 35, 'лук зеленый', '0', 1, 1, 8, 1, 8, 0, 0),
(1341, 601, 1, 22, 48, 'кофе готовый натуральный', '0', 1, 1, 4, 1, 4, 0, 0),
(1342, 601, 1, 20, 38, 'банк.,300г, сельдь', '0', 1, 1, 19.5, 1, 19.5, 0, 0),
(1343, 601, 1, 20, 38, 'банк.,180г, ИкраМойвы', '0', 1, 1, 15.5, 1, 15.5, 0, 0),
(1344, 601, 1, 21, 72, 'пак.,400г, майонез Щедро Провансаль Золотой 50%', '0', 1, 1, 9.5, 1, 9.5, 0, 0),
(1345, 601, 1, 20, 68, 'бат.,Украинский', '0', 1, 1, 4.5, 1, 4.5, 0, 0),
(1346, 601, 1, 9, 47, 'маршрутка', '0', 1, 1, 3, 1, 3, 0, 0),
(1347, 600, 1, 9, 47, 'маршрутка', '0', 1, 1, 3, 1, 3, 0, 0),
(1348, 600, 1, 22, 48, 'кофе,автомат', '0', 1, 1, 3.5, 3, 10.5, 0, 0),
(1349, 600, 1, 22, 48, 'кофе готовый натуральный', '0', 1, 1, 6, 1, 6, 0, 0),
(1350, 600, 1, 21, 39, '\"семечки, пак.,125г, \"\"Семки\"\"\"', '0', 1, 1, 6.2, 1, 6.2, 0, 0),
(1352, 601, 1, 20, 122, 'банк.,550г,МалинаПротертаяССахаром', '0', 1, 1, 18, 1, 18, 0, 0),
(1353, 602, 1, 22, 48, 'кофе готовый натуральный', '0', 1, 1, 5, 1, 5, 0, 0),
(1354, 602, 1, 22, 48, 'кофе готовый натуральный', '0', 1, 1, 5, 1, 5, 0, 0),
(1355, 602, 1, 22, 48, 'кофе молотый,пак.,250г, Espresso', '0', 1, 1, 26, 1, 26, 0, 0),
(1356, 602, 1, 20, 37, 'пак.,1кг,гречка', '0', 1, 1, 8.5, 1, 8.5, 0, 0),
(1357, 602, 1, 15, 117, 'Fairy,500ml', '0', 1, 1, 15.6, 1, 15.6, 0, 0),
(1358, 602, 1, 15, 100, 'Vanish(для ручной чистки ковров),100мл', '0', 1, 1, 15.75, 1, 15.75, 0, 0),
(1359, 602, 1, 20, 33, 'суп.набор куринный', '0', 1, 1, 6.5, 0.615, 4, 0, 0),
(1360, 602, 1, 20, 35, '…', '0', 1, 1, 0, 0, 74.75, 0, 0),
(1361, 603, 1, 9, 41, 'маршрутка', '0', 1, 1, 3, 1, 3, 0, 0),
(1362, 603, 1, 10, 99, 'носки', '0', 1, 1, 5, 5, 25, 0, 0),
(1363, 603, 1, 10, 99, 'носки', '0', 1, 1, 15, 1, 15, 0, 0),
(1364, 603, 1, 10, 99, 'носки', '0', 1, 1, 3.33, 6, 20, 0, 0),
(1365, 603, 1, 12, 15, 'часы(автомобильные)', '0', 1, 1, 15, 1, 15, 0, 0),
(1367, 603, 1, 9, 41, 'маршрутка', '0', 1, 1, 2.5, 1, 2.5, 0, 0),
(1368, 603, 1, 20, 35, 'картофель', '0', 1, 1, 14, 2, 28, 0, 0),
(1369, 603, 1, 20, 35, 'помидоры', '0', 1, 1, 28, 1, 28, 0, 0),
(1370, 603, 1, 20, 35, '…', '0', 1, 1, 0, 0, 20.75, 0, 0),
(1371, 603, 1, 22, 48, 'кофе готовый натуральный', '0', 1, 1, 6, 1, 6, 0, 0),
(1372, 603, 1, 20, 38, 'банк.,240г, сардины', '0', 1, 1, 9.5, 2, 19, 0, 0),
(1373, 603, 1, 21, 72, 'пак.,400г, майонез Щедро Провансаль 67%', '0', 1, 1, 10, 1, 10, 0, 0),
(1374, 603, 1, 23, 76, 'Лорик', '0', 1, 1, 50, 1, 50, 0, 0),
(1375, 603, 1, 18, 26, '', '0', 1, 1, 0, 0, 31.7, 0, 0),
(1376, 603, 1, 21, 39, '\"семечки, пак.,100г, \"\"Семки\"\"\"', '0', 1, 1, 5, 2, 10, 0, 0),
(1377, 603, 1, 22, 114, 'Orbit', '0', 1, 1, 0, 0, 5, 0, 0),
(1378, 603, 1, 22, 62, 'мороженое', '0', 1, 1, 3.25, 2, 6.5, 0, 0),
(1379, 604, 1, 9, 47, 'маршрутка', '0', 1, 1, 3, 1, 3, 0, 0),
(1380, 604, 1, 22, 62, 'вафли Артек', '0', 1, 1, 4.5, 2, 9, 0, 0),
(1381, 605, 1, 9, 47, 'маршрутка', '0', 1, 1, 3, 1, 3, 0, 0),
(1382, 605, 1, 10, 123, 'очки', '0', 1, 1, 90, 1, 90, 0, 0),
(1383, 605, 1, 20, 38, 'сельдь', '0', 1, 1, 28.8, 0.392, 11.3, 0, 0),
(1384, 605, 1, 22, 48, 'кофе готовый натуральный', '0', 1, 1, 4, 1, 4, 0, 0),
(1385, 605, 1, 20, 35, 'лук зеленый', '0', 1, 1, 0, 0, 9, 0, 0),
(1386, 605, 1, 20, 36, 'уп.,10шт., перепелинные', '0', 1, 1, 9.5, 2, 19, 0, 0),
(1387, 605, 1, 18, 26, '', '0', 1, 1, 0, 0, 6.7, 0, 0),
(1388, 606, 1, 9, 47, 'маршрутка', '0', 1, 1, 3, 1, 3, 0, 0),
(1389, 606, 1, 22, 48, 'кофе,автомат', '0', 1, 1, 3.5, 1, 3.5, 0, 0),
(1390, 606, 1, 9, 47, 'маршрутка', '0', 1, 1, 2.5, 1, 2.5, 0, 0),
(1391, 606, 1, 22, 114, 'шаурма', '0', 1, 1, 20, 1, 20, 0, 0),
(1392, 606, 1, 24, 124, 'шаурма', '0', 1, 1, 20, 1, 20, 0, 0),
(1393, 606, 1, 24, 125, 'шаурма', '0', 1, 1, 20, 1, 20, 0, 0),
(1394, 606, 1, 22, 48, 'кофе готовый натуральный', '0', 1, 1, 5, 1, 5, 0, 0),
(1395, 606, 1, 21, 60, 'квас', '0', 1, 1, 6, 1, 6, 0, 0),
(1396, 606, 1, 24, 125, 'на пиво', '0', 1, 1, 0, 0, 36, 0, 0),
(1397, 606, 1, 12, 15, 'батарейка 3V', '0', 1, 1, 20, 1, 20, 0, 0),
(1398, 606, 1, 22, 61, 'бут.,0,5л,пиво(0),Балтика', '0', 1, 1, 9, 1, 9, 0, 0),
(1399, 607, 1, 9, 47, 'маршрутка', '0', 1, 1, 3, 1, 3, 0, 0),
(1400, 608, 1, 9, 47, 'маршрутка', '0', 1, 1, 3, 2, 6, 0, 0),
(1401, 608, 1, 22, 62, 'вафли Артек', '0', 1, 1, 4.5, 1, 4.5, 0, 0),
(1402, 609, 1, 19, 27, 'банкомат - Шевцова, 1(админ.)', '0', 1, 2, 400, 1, 400, 0, 0),
(1403, 609, 1, 5, 30, 'банкомат - Шевцова, 1(админ.)', '1', 1, 1, 0, 0, 400, 0, 0),
(1404, 609, 1, 20, 40, 'творог домашн.', '0', 1, 1, 30, 1, 30, 0, 0),
(1405, 609, 1, 20, 40, 'сметана, домашн.,0,5л', '0', 1, 1, 14, 1.143, 16, 0, 0),
(1406, 609, 1, 20, 33, 'филе куринное', '0', 1, 1, 36, 1.12, 40.32, 0, 0),
(1407, 609, 1, 20, 38, 'сельдь', '0', 1, 1, 28.8, 0.451, 13, 0, 0),
(1408, 609, 1, 20, 49, 'Akbar,уп.(пак.,100шт.)', '0', 1, 1, 37, 1, 37, 0, 0),
(1409, 609, 1, 20, 35, 'картофель', '0', 1, 1, 15, 2, 30, 0, 0),
(1410, 609, 1, 20, 35, 'укроп', '0', 1, 1, 0, 0, 6, 0, 0),
(1411, 609, 1, 20, 35, 'помидоры', '0', 1, 1, 18, 1.667, 36.53, 0, 0),
(1412, 609, 1, 15, 117, '…', '0', 1, 1, 1, 1, 1, 0, 0),
(1414, 609, 1, 22, 62, 'вафли Артек', '0', 1, 1, 3.5, 1, 3.5, 0, 0),
(1415, 609, 1, 22, 48, 'кофе готовый натуральный', '0', 1, 1, 5, 1, 5, 0, 0),
(1416, 609, 1, 20, 68, 'бат.,Украинский', '0', 1, 1, 4.9, 1, 4.9, 0, 0),
(1417, 609, 1, 5, 30, 'ПОПОЛНЕНИЕ БАНК', '1', 1, 2, 0, 0, 0.08, 0, 0),
(1418, 610, 1, 9, 41, 'маршрутка', '0', 1, 1, 3, 2, 6, 0, 0),
(1419, 610, 1, 22, 48, 'кофе готовый натуральный', '0', 1, 1, 6, 1, 6, 0, 0),
(1420, 610, 1, 24, 126, 'кофе готовый натуральный', '0', 1, 1, 6, 1, 6, 0, 0),
(1421, 610, 1, 12, 15, 'ручки на плиту', '0', 1, 1, 10, 4, 40, 0, 0),
(1422, 610, 1, 12, 15, 'ручки тормоза Tektro MT3.0 (комплект)', '0', 1, 1, 80, 1, 80, 0, 0),
(1423, 610, 1, 9, 47, 'маршрутка', '0', 1, 1, 3, 1, 3, 0, 0),
(1424, 610, 1, 22, 62, 'вафли Артек', '0', 1, 1, 4.5, 1, 4.5, 0, 0),
(1425, 611, 1, 22, 48, 'кофе,автомат', '0', 1, 1, 3.5, 1, 3.5, 0, 0),
(1426, 611, 1, 20, 35, 'огурцы', '0', 1, 1, 12, 0.9, 10.8, 0, 0),
(1427, 611, 1, 20, 35, 'лук зеленый', '0', 1, 1, 0, 0, 12, 0, 0),
(1428, 611, 1, 20, 59, 'лимоны', '0', 1, 1, 0, 0, 19.9, 0, 0),
(1429, 610, 1, 19, 27, 'СПИСАНИЕ БАНК', '0', 1, 2, 0, 0, 5, 0, 0),
(1430, 613, 1, 19, 27, 'банкомат - Шевцова, 1(ТЖК)', '0', 1, 2, 400, 1, 400, 0, 0),
(1431, 613, 1, 5, 30, 'банкомат - Шевцова, 1(ТЖК)', '1', 1, 1, 0, 0, 400, 0, 0),
(1432, 612, 1, 9, 47, 'маршрутка', '0', 1, 1, 3, 1, 3, 0, 0),
(1433, 613, 1, 9, 47, 'маршрутка', '0', 1, 1, 3, 1, 3, 0, 0),
(1434, 612, 1, 22, 62, 'вафли Артек', '0', 1, 1, 4.5, 1, 4.5, 0, 0),
(1435, 613, 1, 3, 6, '', '1', 1, 1, 0, 0, 3.9, 0, 0),
(1436, 615, 1, 20, 59, 'бабаны', '0', 1, 1, 12, 1.333, 16, 0, 0),
(1437, 616, 1, 20, 59, 'бабаны', '0', 1, 1, 12, 1.333, 16, 0, 0),
(1438, 616, 1, 20, 33, 'филе куринное', '0', 1, 1, 39.9, 0.702, 28, 0, 0),
(1439, 616, 1, 20, 37, 'пак.,1кг,рис длиннозернистый,', '0', 1, 1, 10, 1, 10, 0, 0),
(1440, 616, 1, 15, 98, '', '0', 1, 1, 0, 0, 41.04, 0, 0),
(1441, 614, 1, 16, 22, '…', '0', 1, 1, 0, 0, 111.71, 0, 0),
(1442, 616, 1, 20, 59, 'бабаны', '0', 1, 1, 12, 1.333, 16, 0, 0),
(1443, 616, 1, 20, 35, 'капуста(цветная)', '0', 1, 1, 13, 0.769, 10, 0, 0),
(1444, 616, 1, 20, 68, '…', '0', 1, 1, 0, 0, 20, 0, 0),
(1445, 616, 1, 23, 71, '1шт., Gillette Mach3', '0', 1, 1, 16, 1, 16, 0, 0),
(1446, 616, 1, 23, 81, '\"крем,д/рук,\"\"БархатныеРучки\"\",75мл\"', '0', 1, 1, 12.35, 1, 12.35, 0, 0),
(1447, 616, 1, 15, 116, 'т/б', '0', 1, 1, 5, 3, 15, 0, 0),
(1448, 616, 1, 12, 15, 'лампа(потолочная)', '0', 1, 1, 0, 0, 16, 0, 0),
(1449, 617, 1, 9, 41, 'маршрутка', '0', 1, 1, 2.5, 1, 2.5, 0, 0),
(1450, 617, 1, 36, 105, 'Экватор(абонемент)', '0', 1, 1, 200, 1, 200, 0, 0),
(1451, 617, 1, 10, 127, 'футболка', '0', 1, 1, 43.64, 1, 43.64, 0, 0),
(1452, 617, 1, 10, 127, 'очки', '0', 1, 1, 19.9, 1, 19.9, 0, 0),
(1453, 617, 1, 21, 60, 'вода', '0', 1, 1, 8, 1, 8, 0, 0),
(1454, 617, 1, 3, 6, '', '1', 1, 1, 0, 0, 0.04, 0, 0),
(1455, 617, 1, 1, 1, 'ЗП - за 05.2013', '1', 1, 2, 4161.48, 1.299, 5403.69, 0, 0),
(1456, 617, 1, 2, 3, 'ПФ - на 06.2013', '1', 1, 3, 994, 1, 994, 0, 0),
(1457, 613, 1, 19, 29, 'за пользование кредитным лимитом', '0', 1, 4, 21.72, 1, 21.72, 0, 0),
(1458, 618, 1, 11, 93, '+380637083496', '0', 1, 3, 40, 1.012, 40.5, 0, 0),
(1459, 618, 1, 20, 40, 'сметана, пак.,400г,15%', '0', 1, 1, 14, 1, 14, 0, 0),
(1460, 618, 1, 22, 48, 'кофе готовый натуральный', '0', 1, 1, 5, 1, 5, 0, 0),
(1461, 618, 1, 24, 128, 'кофе готовый натуральный', '0', 1, 1, 5, 1, 5, 0, 0),
(1462, 618, 1, 19, 27, 'банкомат - Стеценко, 6 (АккордБанк)', '0', 1, 2, 2000, 1, 2000, 0, 0),
(1463, 618, 1, 19, 27, 'банкомат - Стеценко, 6 (АккордБанк)', '0', 1, 2, 2000, 1, 2000, 0, 0),
(1464, 618, 1, 19, 27, 'банкомат - Стеценко, 6 (АккордБанк)', '0', 1, 2, 1000, 1, 1000, 0, 0),
(1465, 618, 1, 5, 30, 'банкомат - Стеценко, 6 (АккордБанк)', '1', 1, 1, 2000, 1, 2000, 0, 0),
(1466, 618, 1, 5, 30, 'банкомат - Стеценко, 6 (АккордБанк)', '1', 1, 1, 2000, 1, 2000, 0, 0),
(1467, 618, 1, 5, 30, 'банкомат - Стеценко, 6 (АккордБанк)', '1', 1, 1, 1000, 1, 1000, 0, 0),
(1468, 618, 1, 20, 59, 'бабаны', '0', 1, 1, 11.8, 0.932, 11, 0, 0),
(1469, 618, 1, 3, 6, '', '1', 1, 1, 0, 0, 5.2, 0, 0),
(1470, 618, 1, 12, 15, 'Холодильник Samsung RB29FSRNDWW', '0', 1, 1, 3813, 0.981, 3740, 0, 0),
(1471, 618, 1, 12, 15, 'подъем в кв. холодильника', '0', 1, 1, 16.67, 3, 50, 0, 0),
(1472, 620, 1, 22, 61, 'молочный коктейл', '0', 1, 1, 7, 2, 14, 0, 0),
(1473, 620, 1, 22, 48, 'кофе готовый натуральный', '0', 1, 1, 5, 1, 5, 0, 0),
(1474, 620, 1, 16, 23, 'Донормил(шип.),бан.,10табл.', '0', 1, 1, 26.96, 1, 26.96, 0, 0),
(1475, 619, 1, 9, 41, 'маршрутка', '0', 1, 1, 2.5, 2, 5, 0, 0),
(1476, 619, 1, 36, 105, 'Экватор_3v', '0', 1, 5, 6.2, 4, 24.8, 0, 0),
(1477, 619, 1, 10, 94, 'шорты', '0', 1, 1, 99, 1, 99, 0, 0),
(1478, 619, 1, 20, 33, 'филе куринное', '0', 1, 1, 39.9, 1.2, 47.88, 0, 0),
(1479, 619, 1, 23, 81, 'Жидкое мыло «Ушастый нянь»', '0', 1, 1, 16.6, 1, 16.6, 0, 0),
(1480, 619, 1, 23, 81, 'Пемза', '0', 1, 1, 3, 1, 3, 0, 0),
(1481, 619, 1, 20, 35, 'укроп', '0', 1, 1, 0, 0, 12, 0, 0),
(1482, 619, 1, 15, 117, 'пакеты для мусора', '0', 1, 1, 8, 0, 5.28, 0, 0),
(1483, 619, 1, 22, 48, 'кофе готовый натуральный', '0', 1, 1, 7, 1, 7, 0, 0),
(1484, 620, 1, 18, 26, '', '0', 1, 1, 0, 0, 0.88, 0, 0),
(1485, 620, 1, 9, 47, 'маршрутка', '0', 1, 1, 3, 1, 3, 0, 0),
(1486, 621, 1, 9, 47, 'маршрутка', '0', 1, 1, 3, 1, 3, 0, 0),
(1487, 621, 1, 22, 62, 'вафли Артек', '0', 1, 1, 4.5, 1, 4.5, 0, 0),
(1488, 621, 1, 16, 22, 'кор.,50табл.,200мг,карбамазепин,Лекхим', '0', 1, 1, 19.45, 5, 97.25, 0, 0),
(1489, 621, 1, 22, 48, 'кофе готовый натуральный', '0', 1, 1, 4, 1, 4, 0, 0),
(1490, 621, 1, 20, 35, 'морковь', '0', 1, 1, 10, 0.73, 7.3, 0, 0),
(1491, 621, 1, 20, 59, 'бабаны', '0', 1, 1, 12, 1.2, 14.4, 0, 0),
(1492, 621, 1, 20, 35, 'лук зеленый', '0', 1, 1, 8, 0.4, 3.2, 0, 0),
(1494, 617, 1, 5, 129, '…', '1', 1, 5, 0, 0, 200, 0, 0),
(1495, 617, 1, 36, 105, 'Экватор_3v', '0', 1, 5, 6.2, 5, 31, 0, 0),
(1496, 621, 1, 36, 105, 'Экватор_1h', '0', 1, 5, 4.6, 6, 27.6, 0, 0),
(1497, 616, 1, 3, 6, '', '1', 1, 1, 0, 0, 16, 0, 0),
(1498, 617, 1, 18, 26, '', '0', 1, 1, 0, 0, 16, 0, 0),
(1499, 621, 1, 9, 41, 'маршрутка', '0', 1, 1, 2.5, 1, 2.5, 0, 0),
(1500, 622, 1, 16, 23, 'Карбодерм,крем,30г', '0', 1, 1, 40.26, 0.994, 40, 0, 0),
(1501, 622, 1, 20, 35, 'картофель', '0', 1, 1, 12, 2, 24, 0, 0),
(1502, 622, 1, 20, 35, 'лук репчатый', '0', 1, 1, 7.5, 1.067, 8, 0, 0),
(1503, 622, 1, 20, 35, 'помидоры', '0', 1, 1, 19, 2, 38, 0, 0),
(1504, 622, 1, 20, 35, 'кабачки', '0', 1, 1, 12, 1, 12, 0, 0),
(1505, 622, 1, 21, 39, '\"семечки, пак.,70г, \"\"Семки\"\"\"', '0', 1, 1, 3.3, 1, 3.3, 0, 0),
(1506, 622, 1, 18, 26, '', '0', 1, 1, 0, 0, 5, 0, 0),
(1507, 622, 1, 19, 27, 'банкомат - Шевцова, 1(ТЖК)', '0', 1, 2, 430, 1, 430, 0, 0),
(1508, 622, 1, 5, 30, 'банкомат - Шевцова, 1(ТЖК)', '1', 1, 1, 0, 0, 430, 0, 0),
(1509, 623, 1, 9, 47, 'маршрутка', '0', 1, 1, 3, 1, 3, 0, 0),
(1510, 622, 1, 25, 66, 'за смену Бурмистрову (09.05.13 Чт.)', '0', 1, 1, 4000, 0.25, 1000, 0, 0),
(1511, 623, 1, 20, 59, 'бабаны', '0', 1, 1, 12, 1, 12, 0, 0),
(1512, 622, 1, 9, 47, 'маршрутка', '0', 1, 1, 3, 1, 3, 0, 0),
(1513, 623, 1, 20, 38, 'банк.,200г, сельдь', '0', 1, 1, 13, 1, 13, 0, 0),
(1514, 623, 1, 21, 39, '\"семечки, пак.,100г, \"\"Семки\"\"\"', '0', 1, 1, 3.5, 1, 3.5, 0, 0),
(1515, 623, 1, 20, 68, '…', '0', 1, 1, 0, 0, 9.5, 0, 0),
(1516, 624, 1, 9, 47, 'маршрутка', '0', 1, 1, 3, 1, 3, 0, 0),
(1517, 624, 1, 22, 62, 'вафли Артек', '0', 1, 1, 4.5, 1, 4.5, 0, 0),
(1518, 625, 1, 9, 47, 'маршрутка', '0', 1, 1, 3, 1, 3, 0, 0),
(1519, 625, 1, 20, 35, 'клубника', '0', 1, 1, 12, 1, 12, 0, 0),
(1520, 625, 1, 20, 35, 'укроп', '0', 1, 1, 0, 0, 4, 0, 0),
(1521, 625, 1, 20, 59, 'бананы', '0', 1, 1, 12, 1, 12, 0, 0),
(1522, 625, 1, 20, 35, 'чеснок', '0', 1, 1, 0, 0, 4, 0, 0),
(1523, 625, 1, 20, 40, 'сметана, пак.,450г,20%', '0', 1, 1, 14, 1, 14, 0, 0),
(1524, 625, 1, 20, 36, 'куринные', '0', 1, 1, 11, 1, 11, 0, 0),
(1525, 625, 1, 9, 41, 'маршрутка', '0', 1, 1, 2.5, 2, 5, 0, 0),
(1526, 625, 1, 10, 94, 'футболка', '0', 1, 1, 129, 0.969, 125, 0, 0),
(1527, 625, 1, 12, 15, 'Duracell(тренажер)', '0', 1, 1, 9.2, 3, 27.6, 0, 0),
(1529, 625, 1, 19, 28, 'Снятие наличных в банкомате: БУМИ-МАРКЕТ, УЛ.ЩЕРБАКОВА, 68', '0', 1, 3, 500, 1, 500, 0, 0),
(1530, 625, 1, 5, 31, 'Снятие наличных в банкомате: БУМИ-МАРКЕТ, УЛ.ЩЕРБАКОВА, 68', '1', 1, 1, 0, 0, 500, 0, 0),
(1531, 625, 1, 20, 35, 'лук зеленый', '0', 1, 1, 12, 0.858, 10.3, 0, 0),
(1532, 625, 1, 36, 105, 'Экватор_1h', '0', 1, 5, 4.6, 7, 32.2, 0, 0),
(1533, 625, 1, 22, 48, 'кофе готовый натуральный', '0', 1, 1, 5, 1, 5, 0, 0),
(1534, 1073, 1, 1, 1, '', '1', 1, 1, 0, 0, 7744.9, 0, 0),
(1535, 1073, 1, 1, 1, '', '1', 1, 2, 0, 0, 13.71, 0, 0),
(1536, 1073, 1, 2, 3, '', '1', 1, 3, 0, 0, 18.39, 0, 0),
(1537, 1073, 1, 3, 5, '', '0', 1, 4, 10604.3, 0, 10514.5, 0, 0),
(1538, 1074, 1, 28, 64, 'пачк.,20шт.,ВатраПремиум', '0', 1, 1, 13, 1, 13, 0, 0),
(1539, 1074, 1, 20, 68, 'батон', '0', 1, 1, 7, 1, 7, 0, 0),
(1540, 1075, 1, 22, 48, 'кофе готовый натуральный', '0', 1, 1, 5, 1, 5, 0, 0),
(1541, 1075, 1, 10, 101, 'ветровка спорт.', '0', 1, 1, 26, 1, 26, 0, 0),
(1542, 1075, 1, 28, 64, 'пачк.,20шт.,ВатраПремиум', '0', 1, 1, 13, 1, 13, 0, 0),
(1543, 1075, 1, 18, 130, 'пачк.,20шт.,ВатраПремиум', '0', 1, 1, 13, 1, 13, 0, 0),
(1544, 1075, 1, 18, 130, 'печенье', '0', 1, 1, 34, 0.507, 17.25, 0, 0),
(1545, 1075, 1, 15, 79, 'тазик', '0', 1, 1, 56, 1, 56, 0, 0),
(1546, 1075, 1, 22, 48, 'кофе молотый,пак.,250г, Espresso', '0', 1, 1, 32, 1, 32, 0, 0),
(1547, 1075, 1, 2, 3, 'ПФ - на 09.2014', '1', 1, 3, 1049, 1, 1049, 0, 0),
(1548, 1075, 1, 19, 28, '\"перевод на депозит \"\"копилка\"\"\"', '0', 1, 3, 50, 1, 50, 0, 0),
(1549, 1075, 1, 5, 132, '\"перевод на депозит \"\"копилка\"\"\"', '1', 1, 6, 50, 1, 50, 0, 0),
(1550, 1075, 1, 11, 46, 'Portmone(абонплата) - за 08.2014', '0', 1, 3, 9.9, 1, 9.9, 0, 0),
(1551, 1076, 1, 12, 15, 'Саше(Нина Журавлева) за монитор Samsung', '0', 1, 3, 200, 1, 200, 0, 0),
(1552, 1076, 1, 11, 45, 'Укртелеком - за 08.2014', '0', 1, 3, 58.49, 1, 58.49, 0, 0),
(1553, 1076, 1, 11, 44, 'Воля (ТВ-И) - за 08.2014', '0', 1, 3, 150, 1, 150, 0, 0),
(1554, 1076, 1, 11, 110, 'Киевэнерго - за 08.2014', '0', 1, 3, 37.01, 1, 37.01, 0, 0),
(1555, 1076, 1, 20, 35, 'картофель', '0', 1, 1, 4, 5, 20, 0, 0),
(1556, 1076, 1, 20, 35, 'лук репчатый', '0', 1, 1, 8, 2.05, 16.4, 0, 0),
(1557, 1076, 1, 20, 35, 'баклажаны', '0', 1, 1, 8, 1.75, 14, 0, 0),
(1558, 1076, 1, 20, 35, 'морковь', '0', 1, 1, 5, 1, 5, 0, 0);
INSERT INTO `diarybookpayment` (`ID_DiaryBookPayment`, `ID_DiaryBook`, `ID_Theme`, `ID_TypePayment`, `ID_SubTypePayment`, `NoteForPayment`, `Credit`, `ID_Currency`, `ID_Cash`, `Price`, `AmountOfGoods`, `SumPayment`, `ID_Relation`, `ID_User`) VALUES
(1559, 1076, 1, 20, 49, 'Akbar,уп.(пак.,25шт.)', '0', 1, 1, 17, 1, 17, 0, 0),
(1560, 1076, 1, 20, 88, 'упаковка(1кг)', '0', 1, 1, 15, 1, 15, 0, 0),
(1561, 1076, 1, 20, 78, 'пак,1кг,соль поваренная', '0', 1, 1, 9, 1, 9, 0, 0),
(1562, 1076, 1, 20, 40, 'масло_сливочное(200г)', '0', 1, 1, 19, 1, 19, 0, 0),
(1563, 1076, 1, 15, 98, 'пакеты для мусора (60л)', '0', 1, 1, 8, 2, 16, 0, 0),
(1564, 1076, 1, 23, 81, 'МылоSafeguard', '0', 1, 1, 8.1, 1, 8.1, 0, 0),
(1565, 1076, 1, 20, 36, 'куринные', '0', 1, 1, 11, 1, 11, 0, 0),
(1566, 1076, 1, 20, 37, 'пак.,1кг,рис длиннозернистый,', '0', 1, 1, 12, 1, 12, 0, 0),
(1569, 1076, 1, 20, 33, 'суп.набор куринный', '0', 1, 1, 6.5, 1, 6.5, 0, 0),
(1570, 1077, 1, 18, 130, 'пополнил мобильный (Portmone)', '0', 1, 3, 30, 1.033, 31, 0, 0),
(1571, 1077, 1, 18, 130, 'баклажаны и пр.', '0', 1, 1, 0, 0, 50, 0, 0),
(1572, 1078, 1, 18, 130, '…', '0', 1, 1, 7, 1, 7, 0, 0),
(1573, 1078, 1, 28, 64, 'пачк.,20шт.,ВатраПремиум', '0', 1, 1, 13, 1, 13, 0, 0),
(1574, 1080, 1, 28, 64, 'пачк.,20шт.,ВатраПремиум', '0', 1, 1, 13, 2, 26, 0, 0),
(1575, 1080, 1, 22, 48, 'кофе готовый натуральный', '0', 1, 1, 5.5, 1, 5.5, 0, 0),
(1576, 1080, 1, 20, 33, 'филе куринное', '0', 1, 1, 38.9, 1.1, 42.8, 0, 0),
(1577, 1080, 1, 20, 35, 'баклажаны', '0', 1, 1, 8.5, 0, 17, 0, 0),
(1578, 1080, 1, 20, 35, 'кабачки', '0', 1, 1, 4.5, 0, 10.5, 0, 0),
(1579, 1080, 1, 20, 36, 'куринные', '0', 1, 1, 12.5, 1, 12.5, 0, 0),
(1580, 1080, 1, 20, 35, 'морковь', '0', 1, 1, 8, 0.931, 7.45, 0, 0),
(1581, 1081, 1, 28, 64, 'пачк.,20шт.,ВатраПремиум', '0', 1, 1, 13, 1, 13, 0, 0),
(1582, 1081, 1, 9, 41, 'маршрутка', '0', 1, 1, 4, 2, 8, 0, 0),
(1583, 1081, 1, 18, 130, 'пачк.,20шт.,ВатраПремиум', '0', 1, 1, 13, 1, 13, 0, 0),
(1584, 1081, 1, 22, 48, 'кофе готовый натуральный', '0', 1, 1, 6, 1, 6, 0, 0),
(1585, 1081, 1, 12, 15, 'Web Camera Sven IC-320', '0', 1, 1, 140, 1, 140, 0, 0),
(1586, 1081, 1, 18, 130, 'помидоры, картофель и пр.', '0', 1, 1, 100, 2, 200, 0, 0),
(1587, 1081, 1, 20, 68, 'батон', '0', 1, 1, 6, 1, 6, 0, 0),
(1588, 1081, 1, 18, 121, 'WC', '0', 1, 1, 2, 1, 2, 0, 0),
(1589, 1082, 1, 28, 64, 'пачк.,20шт.,ВатраПремиум', '0', 1, 1, 13, 1, 13, 0, 0),
(1590, 1082, 1, 18, 130, 'пачк.,20шт.,ВатраПремиум', '0', 1, 1, 13, 1, 13, 0, 0),
(1591, 1083, 1, 10, 133, 'куртка', '0', 1, 1, 67, 1, 67, 0, 0),
(1592, 1083, 1, 10, 133, 'желетка', '0', 1, 1, 48, 1, 48, 0, 0),
(1593, 1083, 1, 4, 7, 'Света : при расчета на Туполева, 24', '1', 1, 1, 0, 0, 11, 0, 0),
(1594, 1084, 1, 20, 33, 'суп.набор куринный', '0', 1, 1, 6.5, 1, 6.5, 0, 0),
(1595, 1084, 1, 20, 34, '\"раст.масло, бут.,1л,  \"\"Олейна\"\"\"', '0', 1, 1, 19.5, 1, 19.5, 0, 0),
(1596, 1084, 1, 20, 37, 'пак.,1кг,гречка', '0', 1, 1, 11.5, 1, 11.5, 0, 0),
(1597, 1084, 1, 20, 37, 'пак.,1кг,рис длиннозернистый,', '0', 1, 1, 13, 1, 13, 0, 0),
(1598, 1084, 1, 20, 68, 'батон(нарезной)', '0', 1, 1, 5.9, 0.703, 4.15, 0, 0),
(1599, 1084, 1, 28, 64, 'пачк.,20шт.,ВатраПремиум', '0', 1, 1, 13, 1, 13, 0, 0),
(1600, 1084, 1, 18, 130, 'пачк.,20шт.,ВатраПремиум', '0', 1, 1, 13, 1, 13, 0, 0),
(1601, 1084, 1, 22, 48, 'кофе молотый,пак.,250г, Espresso', '0', 1, 1, 32, 1, 32, 0, 0),
(1602, 1085, 1, 17, 25, 'Экспобанк', '0', 1, 1, 400, 13.25, 5300, 0, 0),
(1603, 1085, 1, 28, 64, 'пачк.,20шт.,ВатраПремиум', '0', 1, 1, 13, 1, 13, 0, 0),
(1604, 1086, 1, 11, 42, 'комм. - за 08.2014', '0', 1, 3, 140.96, 3.023, 426.09, 0, 0),
(1606, 1086, 1, 17, 25, 'Экспобанк', '0', 1, 1, 0, 13.4, 60, 0, 0),
(1607, 1086, 1, 4, 7, 'Света : не хватило до 60 грн. (добавка для $400)', '1', 1, 1, 0, 0, 3, 0, 0),
(1608, 1086, 1, 6, 54, 'часть $400', '1', 2, 1, 0, 0, 400, 0, 0),
(1609, 1086, 1, 28, 64, 'пачк.,20шт.,Camel', '0', 1, 1, 17, 0.5, 8.5, 0, 0),
(1610, 1086, 1, 18, 130, 'пачк.,20шт.,Camel', '0', 1, 1, 17, 0.5, 8.5, 0, 0),
(1611, 1086, 1, 24, 113, 'вернул долг в магазин', '0', 1, 1, 11, 2, 22, 0, 0),
(1612, 1087, 1, 23, 76, 'Сетченко Наталья (066 173-8037)', '0', 1, 1, 50, 1, 50, 0, 0),
(1613, 1087, 1, 28, 64, 'пачк.,20шт.,ВатраПремиум', '0', 1, 1, 13, 1, 13, 0, 0),
(1614, 1087, 1, 18, 130, 'пачк.,20шт.,ВатраПремиум', '0', 1, 1, 13, 1, 13, 0, 0),
(1615, 1087, 1, 11, 93, '+380633765005', '0', 1, 3, 40, 1.025, 41, 0, 0),
(1616, 1088, 1, 9, 41, 'маршрутка', '0', 1, 1, 3.5, 1, 3.5, 0, 0),
(1617, 1088, 1, 9, 41, 'маршрутка', '0', 1, 1, 4, 1, 4, 0, 0),
(1618, 1088, 1, 22, 48, 'кофе готовый натуральный', '0', 1, 1, 4, 1, 4, 0, 0),
(1619, 1088, 1, 14, 20, 'Света :', '0', 1, 1, 0, 0, 30, 0, 0),
(1620, 1088, 1, 28, 64, 'пачк.,20шт.,Прима(б/ф)', '0', 1, 1, 6, 1, 6, 0, 0),
(1621, 1088, 1, 28, 64, 'пачк.,20шт.,ВатраПремиум', '0', 1, 1, 13, 1, 13, 0, 0),
(1622, 1088, 1, 20, 68, 'батон', '0', 1, 1, 5, 1, 5, 0, 0),
(1623, 1088, 1, 18, 26, '', '0', 1, 1, 0, 0, 13.1, 0, 0),
(1625, 1089, 1, 4, 8, 'Света :', '1', 1, 1, 0, 0, 10, 0, 0),
(1626, 1090, 1, 28, 64, 'пачк.,20шт.,ВатраПремиум', '0', 1, 1, 13, 1, 13, 0, 0),
(1627, 1090, 1, 18, 130, 'пачк.,20шт.,ВатраПремиум', '0', 1, 1, 13, 1, 13, 0, 0),
(1628, 1090, 1, 10, 94, 'Пуховик', '0', 1, 1, 335, 1, 335, 0, 0),
(1629, 1090, 1, 22, 62, 'халва', '0', 1, 1, 26.67, 0.45, 12, 0, 0),
(1630, 1090, 1, 20, 33, 'задницы куринные', '0', 1, 1, 12.5, 0.472, 5.9, 0, 0),
(1631, 1090, 1, 20, 33, 'печень куринная', '0', 1, 1, 32, 1.1, 35.2, 0, 0),
(1632, 1090, 1, 20, 36, 'уп.,10шт., перепелинные', '0', 1, 1, 14.2, 1, 14.2, 0, 0),
(1633, 1090, 1, 23, 112, 'т.б.', '0', 1, 1, 1.8, 4, 7.2, 0, 0),
(1634, 1090, 1, 19, 28, '\"банкомат -\"\"Турбота\"\"\"', '0', 1, 3, 50, 1, 50, 0, 0),
(1635, 1090, 1, 5, 31, '\"банкомат -\"\"Турбота\"\"\"', '1', 1, 1, 0, 0, 50, 0, 0),
(1636, 1090, 1, 14, 20, 'Света : утром ()', '0', 1, 1, 0, 0, 30, 0, 0),
(1637, 1091, 1, 13, 17, 'уголки, саморезы', '0', 1, 1, 0, 0, 8.45, 0, 0),
(1638, 1091, 1, 18, 130, 'батарейки', '0', 1, 1, 4, 4, 16, 0, 0),
(1639, 1091, 1, 28, 64, 'пачк.,20шт.,ВатраПремиум', '0', 1, 1, 13, 1, 13, 0, 0),
(1640, 1091, 1, 28, 64, 'пачк.,20шт.,ВатраПремиум', '0', 1, 1, 13, 1, 13, 0, 0),
(1641, 1093, 1, 28, 64, 'пачк.,20шт.,ВатраПремиум', '0', 1, 1, 13, 1, 13, 0, 0),
(1642, 1093, 1, 18, 130, 'пачк.,20шт.,ВатраПремиум', '0', 1, 1, 13, 1, 13, 0, 0),
(1643, 1093, 1, 20, 59, 'виноград', '0', 1, 1, 0, 0, 9, 0, 0),
(1644, 1093, 1, 18, 130, '…', '0', 1, 1, 0, 0, 15, 0, 0),
(1645, 1094, 1, 4, 7, 'Толик: на сигареты', '1', 1, 1, 0, 0, 30, 0, 0),
(1647, 1094, 1, 28, 64, 'пачк.,20шт.,ВатраПремиум', '0', 1, 1, 13, 1, 13, 0, 0),
(1648, 1094, 1, 18, 130, 'пачк.,20шт.,ВатраПремиум', '0', 1, 1, 13, 1, 13, 0, 0),
(1649, 1094, 1, 18, 130, 'сдача с 30 грн.', '0', 1, 1, 0, 0, 4, 0, 0);

-- --------------------------------------------------------

--
-- Структура таблицы `diarybookpaymentplan`
--

CREATE TABLE `diarybookpaymentplan` (
  `ID_DiaryBookPayment` int(11) NOT NULL,
  `ID_DiaryBook` int(11) DEFAULT NULL,
  `ID_Theme` int(11) DEFAULT NULL,
  `ID_TypePayment` int(11) DEFAULT NULL,
  `ID_SubTypePayment` int(11) DEFAULT NULL,
  `NoteForPayment` text NOT NULL,
  `Credit` text NOT NULL,
  `ID_Currency` int(11) DEFAULT NULL,
  `ID_Cash` int(11) DEFAULT NULL,
  `Price` float NOT NULL,
  `AmountOfGoods` float NOT NULL,
  `SumPayment` float NOT NULL,
  `ID_Relation` int(11) DEFAULT NULL,
  `ID_User` int(11) DEFAULT NULL,
  `Sel` text NOT NULL,
  `InDoc` text NOT NULL
) ENGINE=InnoDB DEFAULT CHARSET=utf8;

--
-- Дамп данных таблицы `diarybookpaymentplan`
--

INSERT INTO `diarybookpaymentplan` (`ID_DiaryBookPayment`, `ID_DiaryBook`, `ID_Theme`, `ID_TypePayment`, `ID_SubTypePayment`, `NoteForPayment`, `Credit`, `ID_Currency`, `ID_Cash`, `Price`, `AmountOfGoods`, `SumPayment`, `ID_Relation`, `ID_User`, `Sel`, `InDoc`) VALUES
(19, 0, 1, 12, 15, 'Флеш накопитель Silicon-Power Touch 830 16Gb Silver (SP016GBUF2830V1S)', '0', 1, 1, 94, 1, 94, 0, 0, '0', '0'),
(21, 0, 1, 12, 15, 'Весы напольные Beurer BG39', '0', 1, 1, 400, 1, 400, 0, 0, '0', '0'),
(22, 0, 1, 15, 116, 'вкладыш', '0', 1, 1, 1700, 1, 1700, 0, 0, '0', '0'),
(24, 0, 1, 12, 15, 'Холодильник Gorenje NRK41285W', '0', 1, 1, 4089, 1, 4089, 0, 0, '0', '0'),
(25, 0, 1, 12, 15, 'Маршрутизатор Zyxel Keenetic', '0', 1, 1, 598, 1, 598, 0, 0, '0', '0'),
(26, 0, 1, 19, 29, 'погашение кредита', '0', 1, 1, 3108.96, 0.547, 1700, 0, 0, '0', '0'),
(27, 0, 1, 12, 15, 'система ДСО', '0', 1, 1, 2500, 1, 2500, 0, 0, '0', '0'),
(28, 0, 1, 15, 117, 'посуда', '0', 1, 1, 0, 0, 2000, 0, 0, '0', '0');

-- --------------------------------------------------------

--
-- Структура таблицы `diarybookreference`
--

CREATE TABLE `diarybookreference` (
  `ID_DiaryBookReference` int(11) NOT NULL,
  `ID_DiaryBook` int(11) DEFAULT NULL,
  `ReferenceFile` text NOT NULL,
  `LastFile` text NOT NULL,
  `onLock` text NOT NULL,
  `Note` text NOT NULL
) ENGINE=InnoDB DEFAULT CHARSET=utf8;

--
-- Дамп данных таблицы `diarybookreference`
--

INSERT INTO `diarybookreference` (`ID_DiaryBookReference`, `ID_DiaryBook`, `ReferenceFile`, `LastFile`, `onLock`, `Note`) VALUES
(9, 1074, 'H:asesHomeSystemExcelFilescomp_conf.xls', '0', '0', ''),
(10, 1074, 'H:asesHomeSystemExcelFilesWater.xls', '0', '0', ''),
(11, 1074, 'H:asesHomeSystemExcelFilesГрафики.xls', '0', '0', ''),
(12, 1082, 'H:asesHomeSystemExcelFilesПеречень.xls', '0', '0', ''),
(13, 1086, 'H:asesHomeSystemExcelFilesОтчет  19-09-14_12-32.xls', '1', '1', '');

-- --------------------------------------------------------

--
-- Структура таблицы `exchange`
--

CREATE TABLE `exchange` (
  `ID_Exchange` int(11) NOT NULL,
  `ID_DiaryBookPaymentIn` int(11) DEFAULT NULL,
  `Course` float NOT NULL,
  `ID_DiaryBookPaymentOut` int(11) DEFAULT NULL,
  `NoteExchange` text NOT NULL
) ENGINE=InnoDB DEFAULT CHARSET=utf8;

-- --------------------------------------------------------

--
-- Структура таблицы `irbis_user`
--

CREATE TABLE `irbis_user` (
  `id` int(10) NOT NULL,
  `date` timestamp NOT NULL DEFAULT current_timestamp() ON UPDATE current_timestamp(),
  `login` varchar(50) NOT NULL,
  `password` varchar(32) NOT NULL,
  `activate` int(1) NOT NULL,
  `hash` varchar(32) NOT NULL,
  `email` varchar(50) NOT NULL,
  `name_last` varchar(50) NOT NULL,
  `name_first` varchar(50) NOT NULL,
  `name_patr` varchar(50) NOT NULL,
  `country` varchar(50) NOT NULL,
  `city` varchar(50) NOT NULL,
  `phone_1` varchar(50) NOT NULL,
  `phone_2` varchar(50) NOT NULL,
  `group` int(1) NOT NULL,
  `admin` int(1) NOT NULL
) ENGINE=MyISAM DEFAULT CHARSET=utf8;

--
-- Дамп данных таблицы `irbis_user`
--

INSERT INTO `irbis_user` (`id`, `date`, `login`, `password`, `activate`, `hash`, `email`, `name_last`, `name_first`, `name_patr`, `country`, `city`, `phone_1`, `phone_2`, `group`, `admin`) VALUES
(1, '2023-06-15 20:47:08', 'bbird', '86ffb4221ce9e122c6ef7d589d236d2d', 1, '4c9350cf56013ccb945f72998b871956', 'bbird5063@gmail.com', '', '', '', '', '', '', '', 0, 0),
(2, '2023-06-04 23:45:31', 'thrush', '86ffb4221ce9e122c6ef7d589d236d2d', 1, 'e93918d5e66757d4dd67670c90d9c18f', 'drozdoffff@gmail.com', '', '', '', '', '', '', '', 0, 0),
(3, '2023-10-07 21:38:08', 'vue3', '4fc35907b7bbe88f5af9ecd87c4ebfbf', 1, '77d5695116ed1e66d58bd73bd2abf7e2', 'bbird5063@gmail.com', '', '', '', '', '', '', '', 0, 0);

-- --------------------------------------------------------

--
-- Структура таблицы `parametertype`
--

CREATE TABLE `parametertype` (
  `ID_ParameterType` int(11) NOT NULL,
  `NameType` text NOT NULL,
  `ParameterNote` text NOT NULL
) ENGINE=InnoDB DEFAULT CHARSET=utf8;

--
-- Дамп данных таблицы `parametertype`
--

INSERT INTO `parametertype` (`ID_ParameterType`, `NameType`, `ParameterNote`) VALUES
(1, 'SystemVariable', 'System variable'),
(2, 'NecessaryFile', 'Необходимые файлы'),
(3, 'NecessaryDirectory', 'Необходимые директории'),
(4, 'WorkerDate', 'Рабочие даты'),
(5, 'WorkerOption', 'Рабочие опции'),
(6, 'GroupUserParameters', ''),
(7, 'OtherParameters', 'Прочие параметры'),
(8, 'Theme', 'Темы'),
(9, 'TypePayment', 'Индекс 1'),
(10, 'SubTypePayment', 'Индекс 2'),
(11, 'User^sGroups', 'Группы абонентов'),
(12, 'DebtParameters', 'Статьи долга');

-- --------------------------------------------------------

--
-- Структура таблицы `subjecthyper`
--

CREATE TABLE `subjecthyper` (
  `ID_SubjectHyper` int(11) NOT NULL,
  `ID_SubjectNote` int(11) DEFAULT NULL,
  `AttachedFile` text NOT NULL,
  `onLock` text NOT NULL
) ENGINE=InnoDB DEFAULT CHARSET=utf8;

-- --------------------------------------------------------

--
-- Структура таблицы `subtypepayment`
--

CREATE TABLE `subtypepayment` (
  `ID_SubTypePayment` int(11) NOT NULL,
  `ID_TypePayment` int(11) DEFAULT NULL,
  `UserIndex` int(11) NOT NULL,
  `NameSubTypePayment` text NOT NULL,
  `Note` text NOT NULL,
  `IsPlan` text NOT NULL
) ENGINE=InnoDB DEFAULT CHARSET=utf8;

--
-- Дамп данных таблицы `subtypepayment`
--

INSERT INTO `subtypepayment` (`ID_SubTypePayment`, `ID_TypePayment`, `UserIndex`, `NameSubTypePayment`, `Note`, `IsPlan`) VALUES
(1, 1, 1, 'З/П1', 'З/П1', '0'),
(2, 1, 2, 'З/П1+', 'З/П1+', '0'),
(3, 2, 3, 'ПФ', 'ПФ', '0'),
(4, 2, 4, 'ПФ+', 'ПФ+', '0'),
(5, 3, 5, 'ПД', 'ПД', '0'),
(6, 3, 6, '+', '+', '0'),
(7, 4, 7, '+Д', '', '0'),
(8, 4, 8, '+ВД', '', '0'),
(10, 6, 10, 'грн.', '', '0'),
(15, 12, 1, 'hard/w', '', '0'),
(16, 12, 2, 'soft/w', '', '0'),
(17, 13, 1, 'матер.', '', '0'),
(18, 13, 2, 'работа', '', '0'),
(19, 13, 3, 'мебель', '', '0'),
(20, 14, 1, 'д-', '', '0'),
(21, 14, 2, 'вд-', '', '0'),
(22, 16, 1, 'апт.I', '', '0'),
(23, 16, 2, 'апт.II', '', '0'),
(24, 16, 3, 'апт.III', '', '0'),
(25, 17, 1, 'грн.', '', '0'),
(26, 18, 2, '-', '', '0'),
(27, 19, 0, 'КД/з1', '', '0'),
(28, 19, 1, 'ПБ/п1', '', '0'),
(29, 19, 2, 'ПБ/к1', '', '0'),
(30, 5, 1, 'КД/з1', '', '0'),
(31, 5, 2, 'ПБ/п1', '', '0'),
(32, 5, 3, 'ПБ/к1', '', '0'),
(33, 20, 2, 'птица', '', '0'),
(34, 20, 3, 'раст.масло', '', '0'),
(35, 20, 4, 'овощи', '', '0'),
(36, 20, 5, 'яйца', '', '0'),
(37, 20, 6, 'крупы', '', '0'),
(38, 20, 7, 'рыба', '', '0'),
(39, 21, 2, 'семечки', '', '0'),
(40, 20, 8, 'молочн.изд.', '', '0'),
(41, 9, 1, 'город', '', '0'),
(42, 11, 2, 'комм.', '', '1'),
(43, 11, 3, 'КЭ', '', '1'),
(44, 11, 4, 'Воля (ТВ-И)', '', '1'),
(45, 11, 5, 'Укртелеком', '', '1'),
(46, 11, 6, 'Portmone', '', '1'),
(47, 9, 2, 'город (работа)', '', '1'),
(48, 22, 1, 'кофе', '', '1'),
(49, 20, 9, 'чай', '', '1'),
(51, 15, 2, 'фильтр для воды', '', '1'),
(52, 18, 3, 'по работе', '', '1'),
(53, 11, 7, 'домофон', '', '1'),
(54, 6, 11, 'USD', '', '1'),
(55, 6, 12, 'EUR', '', '1'),
(56, 17, 2, 'USD', '', '1'),
(57, 17, 3, 'EUR', '', '1'),
(58, 23, 1, 'дез.', '', '1'),
(59, 20, 10, 'фрукты', '', '1'),
(60, 21, 3, 'напитки', '', '1'),
(61, 22, 2, 'напитки', '', '1'),
(62, 22, 3, 'кондитеск.', '', '1'),
(63, 24, 1, 'sv', '', '1'),
(64, 28, 4, '…', '', '1'),
(65, 23, 2, 'туалетн.вода', '', '1'),
(66, 25, 2, 'за смены', '', '1'),
(67, 25, 3, 'алкоголь', '', '1'),
(68, 20, 11, 'хлеб', '', '1'),
(70, 20, 12, 'упаковка', '', '1'),
(71, 23, 3, 'бритва', '', '1'),
(72, 21, 4, 'соусы', '', '1'),
(73, 20, 1, '…', '', '1'),
(74, 24, 2, 'Толик Овчар', '', '1'),
(75, 25, 4, 'период', '', '1'),
(76, 23, 4, 'стрижка', '', '1'),
(77, 20, 13, 'полуфабрикаты', '', '1'),
(78, 20, 14, 'приправы', '', '1'),
(79, 15, 3, 'стирка', '', '1'),
(81, 23, 5, 'ванная', '', '1'),
(82, 22, 4, 'соусы', '', '1'),
(83, 20, 15, 'макаронн.изд.', '', '1'),
(84, 11, 1, '…', '', '1'),
(85, 11, 8, 'Киевстар', '', '1'),
(88, 20, 16, 'сахар', '', '1'),
(90, 20, 17, 'колбасн.изделия', '', '1'),
(91, 24, 3, 'Сергей Камыш', '', '1'),
(92, 20, 18, 'мясо', '', '1'),
(93, 11, 9, 'Life:)', '', '1'),
(94, 10, 2, 'Дисконт', '', '1'),
(95, 25, 1, '…', '', '1'),
(96, 18, 4, 'Новый Год', '', '1'),
(97, 10, 3, 'упаковка', '', '1'),
(98, 15, 1, '…', '', '1'),
(99, 10, 4, 'обувь', '', '1'),
(100, 15, 4, 'химия', '', '1'),
(101, 10, 1, '…', '', '1'),
(102, 21, 5, 'приправы', '', '1'),
(104, 28, 5, 'зажигалки', '', '1'),
(105, 36, 1, 'экватор', '', '1'),
(106, 36, 2, 'доп.', '', '1'),
(107, 24, 4, 'Володя Матвеев', '', '1'),
(108, 24, 5, 'Инна Нечипоренко', '', '1'),
(109, 11, 10, 'Арена Дверей', '', '1'),
(110, 11, 11, 'Киевэнерго', '', '1'),
(111, 18, 5, 'фото', '', '1'),
(112, 23, 6, '…', '', '1'),
(113, 24, 6, '…', '', '1'),
(114, 22, 5, '…', '', '1'),
(115, 24, 7, 'Юра', '', '1'),
(116, 15, 5, 'ванная', '', '1'),
(117, 15, 6, 'кухня', '', '1'),
(118, 21, 6, 'полуфабрикаты', '', '1'),
(119, 21, 1, '…', '', '1'),
(120, 25, 5, 'банк-', '', '1'),
(121, 18, 1, '…', '', '1'),
(122, 20, 19, 'ягоды', '', '1'),
(123, 10, 5, 'спорт', '', '1'),
(124, 24, 8, 'Славик', '', '1'),
(125, 24, 9, 'Хайлов', '', '1'),
(126, 24, 10, 'Руслан', '', '1'),
(127, 10, 6, 'Ашан', '', '1'),
(128, 24, 11, 'Наташа(маг.)', '', '1'),
(129, 5, 4, 'Э/а1', '', '1'),
(130, 18, 6, 'Светик', '', '1'),
(131, 19, 3, 'ПБ/дк', 'копилка', '1'),
(132, 5, 5, 'ПБ/дк', 'копилка', '1'),
(133, 10, 7, 'Туполева, 24', '', '1');

-- --------------------------------------------------------

--
-- Структура таблицы `theme`
--

CREATE TABLE `theme` (
  `ID_Theme` int(11) NOT NULL,
  `UserIndex` text NOT NULL,
  `ShortNameTheme` text NOT NULL,
  `NameTheme` text NOT NULL,
  `ForAll` text NOT NULL,
  `ForBalance` text NOT NULL
) ENGINE=InnoDB DEFAULT CHARSET=utf8;

--
-- Дамп данных таблицы `theme`
--

INSERT INTO `theme` (`ID_Theme`, `UserIndex`, `ShortNameTheme`, `NameTheme`, `ForAll`, `ForBalance`) VALUES
(1, '1', 'T1', '', '0', '1');

-- --------------------------------------------------------

--
-- Структура таблицы `treetype`
--

CREATE TABLE `treetype` (
  `ID_TreeType` int(11) NOT NULL,
  `ID` text NOT NULL,
  `Description` text NOT NULL
) ENGINE=InnoDB DEFAULT CHARSET=utf8;

--
-- Дамп данных таблицы `treetype`
--

INSERT INTO `treetype` (`ID_TreeType`, `ID`, `Description`) VALUES
(1, '1', 'Определенные'),
(2, '0', 'Не определенные');

-- --------------------------------------------------------

--
-- Структура таблицы `typedebt`
--

CREATE TABLE `typedebt` (
  `ID_TypeDept` int(11) NOT NULL,
  `UserIndex` text NOT NULL,
  `Credit` text NOT NULL,
  `NameTypeDept` text NOT NULL,
  `NameTypeDeptShort` text NOT NULL,
  `Note` text NOT NULL,
  `ID_SubTypePayment_ForDebt` int(11) DEFAULT NULL,
  `ID_SubTypePayment_ForDebtReturn` int(11) DEFAULT NULL
) ENGINE=InnoDB DEFAULT CHARSET=utf8;

--
-- Дамп данных таблицы `typedebt`
--

INSERT INTO `typedebt` (`ID_TypeDept`, `UserIndex`, `Credit`, `NameTypeDept`, `NameTypeDeptShort`, `Note`, `ID_SubTypePayment_ForDebt`, `ID_SubTypePayment_ForDebtReturn`) VALUES
(1, '1', '1', 'Текущие(+)', 'тек.(+)', 'Текущие долги', 4, 21),
(2, '1', '0', 'Текущие(-)', 'тек.(-)', 'Текущие долги', 14, 8),
(3, '2', '1', 'Коммун.', 'комм.', 'Оплата коммунальных услуг', 0, 42),
(4, '3', '1', 'Электро', 'эл.', 'Оплата электроэнергии', 0, 43),
(5, '4', '1', 'ТЛФ гор.', 'тлф', 'Оплата ТЛФ гор.', 0, 45),
(6, '5', '1', 'ТЛФ м/гор.', 'тлф^', 'Оплата ТЛФ м/гор.', 0, 0),
(7, '2', '0', 'СТС', 'СТС', 'СТБ', 0, 1),
(8, '3', '0', 'Вокзал', 'вокз.', 'Вокзал', 0, 0),
(9, '4', '0', 'Пенсия', 'ПФ', 'Пенсия', 0, 4),
(10, '6', '1', 'Прочее', 'проч.', 'Прочие долги без изначального прихода', 0, 0);

-- --------------------------------------------------------

--
-- Структура таблицы `typepayment`
--

CREATE TABLE `typepayment` (
  `ID_TypePayment` int(11) NOT NULL,
  `ID_Theme` int(11) DEFAULT NULL,
  `UserIndex` int(11) NOT NULL,
  `Credit` text NOT NULL,
  `NameTypePayment` text NOT NULL,
  `Note` text NOT NULL,
  `IsCount` text NOT NULL,
  `IsPlan` text NOT NULL
) ENGINE=InnoDB DEFAULT CHARSET=utf8;

--
-- Дамп данных таблицы `typepayment`
--

INSERT INTO `typepayment` (`ID_TypePayment`, `ID_Theme`, `UserIndex`, `Credit`, `NameTypePayment`, `Note`, `IsCount`, `IsPlan`) VALUES
(1, 1, 1, '1', 'З/П', 'Зарплата', '1', '0'),
(2, 1, 4, '1', 'ПФ', 'Пенсия', '1', '0'),
(3, 1, 5, '1', 'ПД', 'Побочные доходы', '1', '0'),
(4, 1, 9, '1', '+ДОЛГ', 'Долг', '0', '0'),
(5, 1, 7, '1', '+BANK', 'BANK', '0', '0'),
(6, 1, 11, '1', '+EXCH', 'EXCH', '0', '0'),
(9, 1, 10, '0', 'проезд', '', '1', '0'),
(10, 1, 17, '0', 'одежда', '', '1', '0'),
(11, 1, 13, '0', 'постоянные', '', '1', '0'),
(12, 1, 14, '0', 'техн.', '', '1', '0'),
(13, 1, 15, '0', 'кв.', '', '1', '0'),
(14, 1, 21, '0', 'долг-', '', '0', '0'),
(15, 1, 16, '0', 'хоз.', '', '1', '0'),
(16, 1, 12, '0', 'аптека', '', '1', '0'),
(17, 1, 22, '0', 'exch-', '', '0', '0'),
(18, 1, 19, '0', 'п.р.', '', '1', '0'),
(19, 1, 20, '0', 'bank-', '', '0', '0'),
(20, 1, 2, '0', 'прод.I', '', '1', '0'),
(21, 1, 3, '0', 'прод.II', '', '1', '0'),
(22, 1, 6, '0', 'прод.III', '', '1', '0'),
(23, 1, 23, '0', 'гиг.', '', '1', '1'),
(24, 1, 24, '0', 'gifts', '', '1', '1'),
(25, 1, 25, '0', 'торба', '', '1', '1'),
(28, 1, 8, '0', 'сигареты', '', '1', '1'),
(36, 1, 18, '0', 'экватор', '', '1', '1');

-- --------------------------------------------------------

--
-- Структура таблицы `unknownbell`
--

CREATE TABLE `unknownbell` (
  `ID_UnknownBell` int(11) NOT NULL,
  `DateBell` date DEFAULT NULL,
  `TimeBell` text NOT NULL,
  `ID_AbonentCategory` int(11) DEFAULT NULL,
  `TypeTel` text NOT NULL,
  `TelCode` text NOT NULL,
  `TelNumber` text NOT NULL,
  `AddressTypeStreet` text NOT NULL,
  `AddressStreet` text NOT NULL,
  `AddressHouse` text NOT NULL,
  `AddressHouseLetter` text NOT NULL,
  `AddressApartment` text NOT NULL,
  `Note` text NOT NULL
) ENGINE=InnoDB DEFAULT CHARSET=utf8;

--
-- Дамп данных таблицы `unknownbell`
--

INSERT INTO `unknownbell` (`ID_UnknownBell`, `DateBell`, `TimeBell`, `ID_AbonentCategory`, `TypeTel`, `TelCode`, `TelNumber`, `AddressTypeStreet`, `AddressStreet`, `AddressHouse`, `AddressHouseLetter`, `AddressApartment`, `Note`) VALUES
(1, '2005-02-13', '00.01.1900', 0, 'дом.', '', '4438590', 'ул.', 'ТУПОЛЕВА АКАДЕМИКА УЛ.', '16', 'В', '79', 'Белов М.С.'),
(2, '2005-02-15', '00.01.1900', 0, '', '', '4422815', 'ул.', 'ЩЕРБАКОВА УЛ.', '43', '', '27', 'Фридман Л.М.'),
(3, '2005-03-02', '00.01.1900', 0, '', '', '2061056', 'ул.', '', '', '', '', 'Нет в ^Kiev09^'),
(4, '2005-03-05', '00.01.1900', 1, 'дом.', '', '4438138', 'ул.', 'ЩЕРБАКОВА УЛ.', '20', '', '29', 'Маслов П.Х.'),
(6, '2005-03-08', '00.01.1900', 0, 'дом.', '', '4497752', 'ул.', 'ТУПОЛЕВА АКАДЕМИКА УЛ.', '17', 'Д', '49', 'Лысенко Т.М.'),
(7, '2005-03-10', '00.01.1900', 0, 'дом.', '', '4408968', 'ул.', 'КОТОВСКОГО УЛ.', '33', '', '13', 'Безносюк Н.А.'),
(9, '2005-03-17', '00.01.1900', 0, 'дом.', '', '4435351', 'ул.', 'ГРЕЧКО МАРШАЛА УЛ.', '8', 'Д', '137', 'Сергийчук И.И.'),
(11, '2005-03-25', '00.01.1900', 1, '', '', '5135009', 'ул.', 'ШОЛОМ-АЛЕЙХЕМА УЛ.', '3', '', '', 'Аптека 175 0'),
(12, '2005-03-30', '00.01.1900', 3, '', '', '4242013', 'ул.', '', '', '', '', 'Автопарк'),
(13, '2005-04-02', '00.01.1900', 3, '', '', '4128921', 'ул.', 'ГЕРОЕВ ДНЕПРА УЛ.', '32', 'А', '275', 'Позвали Лену'),
(14, '2005-04-04', '00.01.1900', 1, '', '', '5371940', 'ул.', '', '', '', '', '\"\"\"Астен\"\"\"'),
(15, '2005-04-09', '00.01.1900', 0, 'дом.', '', '4434324', 'ул.', 'ЩЕРБАКОВА УЛ.', '55', 'А', '57', 'Я звонил (парень, которому стало плохо Вита)'),
(17, '2005-04-10', '', 0, '', '', '', 'ул.', '80663747750', '', '', '', ''),
(18, '2005-06-21', '00.01.1900', 0, '', '', '2744246', 'ул.', '', '', '', '', 'Лена (Лариса)'),
(19, '2005-07-31', '', 0, 'моб.', '', '5674094', 'ул.', 'ВЕРЕСНЕВА ВУЛ. , 5, 360, Глей В.В.', '', '', '', 'Света ()'),
(20, '2005-08-05', '00.01.1900', 1, '', '', '2356280', 'ул.', '', '', '', '', ''),
(21, '2005-08-03', '00.01.1900', 0, '', '', '7774243', 'ул.', '', '', '', '', ''),
(22, '2005-08-03', '00.01.1900', 0, 'моб.', '097', '5653404', 'ул.', '', '', '', '', 'Березань'),
(23, '2005-08-17', '00.01.1900', 0, '', '', '4338057', 'ул.', 'В.ПОРИКА УЛ., 14', '14', '', '73', 'Банько В.Г.'),
(24, '2005-08-11', '00.01.1900', 0, '', '', '5299061', 'ул.', '', '', '', '', ''),
(25, '2005-08-17', '00.01.1900', 1, '', '', '4425968', 'ул.', 'ТУПОЛЕВА АКАДЕМИКА УЛ.', '15', '', '56', 'Мохота А.П.'),
(26, '2005-08-27', '00.01.1900', 9, '', '', '2480766', 'ул.', '', '', '', '', ''),
(27, '2005-09-08', '', 0, '', '', '4833171', 'ул.', '\"Качалова, 6 (ООО \"\"Престиж\"\")\"', '', '', '', 'Саша (Виталик)8-067-762-9133'),
(28, '2005-09-11', '', 0, '', '', '2744246', 'ул.', '', '', '', '', 'Лена (Лариса)'),
(30, '2005-10-08', '00.01.1900', 3, 'дом.', '', '4495091', 'ул.', 'ЩЕРБАКОВА УЛ.', '51', '', '47', 'К-09: Кравец Н.Н.'),
(31, '2005-10-19', '00.01.1900', 7, '', '', '4671549', 'ул.', 'БАКИНСКАЯ УЛ.', '37', 'В', '70', 'К-09: Зубик Л.И.'),
(32, '2005-10-25', '00.01.1900', 0, '', '', '', 'ул.', '', '', '', '', ''),
(33, '2005-10-26', '00.01.1900', 3, '', '', '4145184', 'ул.', 'ГЕРОЕВ ДНЕПРА УЛ.', '23', '', '5', 'К-09: Столярчук И.М.'),
(34, '2005-11-08', '00.01.1900', 1, '', '', '4431480', 'ул.', 'В.БЛЮХЕРА УЛ.', '15', '', '69', 'К-09: Иванов Н.М.'),
(35, '2005-11-10', '00.01.1900', 1, '', '', '4434982', 'ул.', 'В.БЛЮХЕРА УЛ.', '12', '', '38', 'ЧС! Рината знакомая (вроде Таня)'),
(37, '2005-11-12', '00.01.1900', 1, '', '', '5249825', 'ул.', '', '', '', '', ''),
(38, '2005-11-13', '00.01.1900', 1, '', '', '4426979', 'ул.', 'В.БЛЮХЕРА УЛ.', '12', '', '124', 'Федорин Ю.Г.'),
(39, '2005-11-13', '00.01.1900', 1, '', '', '4438072', 'ул.', 'ТУПОЛЕВА АКАДЕМИКА УЛ.', '22', 'Г', '38', ''),
(40, '2005-11-14', '', 0, '', '', '2744246', 'ул.', '', '', '', '', 'Лена (Лариса)'),
(41, '2005-11-15', '00.01.1900', 1, '', '', '4569389', 'ул.', '', '', '', '', ''),
(42, '2005-11-17', '00.01.1900', 7, '', '', '4032236', 'ул.', '', '', '', '', ''),
(43, '2005-11-25', '00.01.1900', 1, '', '', '5477044', 'ул.', '', '', '', '', 'Звонил Наум'),
(44, '2005-12-02', '00.01.1900', 1, '', '', '', 'ул.', '', '', '', '', ''),
(45, '2005-12-14', '00.01.1900', 1, '', '', '4569668', 'ул.', 'ТЕЛИГИ ЕЛЕНЫ УЛ.', '1А', '', '50', 'Звонил Виталик'),
(46, '2005-12-19', '00.01.1900', 1, '', '', '4569668', 'ул.', 'ТЕЛИГИ ЕЛЕНЫ УЛ.', '1А', '', '50', 'Звонил Виталик'),
(47, '2005-12-29', '00.01.1900', 1, '', '', '4422400', 'ул.', '', '', '', '', 'К-09: район канализац. Сетей'),
(48, '2006-01-02', '00.01.1900', 1, '', '', '4497723', 'ул.', 'ТУПОЛЕВА АКАДЕМИКА УЛ.', '7', '', '148', 'К-09: Артеменко А.П.'),
(49, '2006-01-02', '00.01.1900', 1, '', '', '4434982', 'ул.', '', '', '', '', 'ЧС! Рината знакомая (вроде Таня)'),
(50, '2006-01-06', '00.01.1900', 7, '', '', '4620969', 'ул.', '', '', '', '', 'Карп звонил (К-09: Укрросуголь)'),
(51, '2006-01-20', '00.01.1900', 1, '', '', '5676624', 'ул.', '', '', '', '', '\"Позвали \"\"тетю Ларису\"\"\"'),
(52, '2006-02-13', '00.01.1900', 1, '', '', '4438138', 'ул.', '', '', '', '', 'Перезвонил: нужен Артемчук'),
(54, '2006-02-22', '00.01.1900', 7, '', '', '5530556', 'ул.', '', '', '', '', ''),
(55, '2006-02-23', '00.01.1900', 1, '', '', '4436861', 'ул.', '', '', '', '', ''),
(57, '2006-03-19', '', 0, '', '', '4496230', 'ул.', '', '', '', '', ''),
(58, '2006-03-22', '00.01.1900', 3, '', '', '4604082', 'ул.', 'Мостицкая ул.', '10', '', '79', 'К-09: Кохтенко В.Г.'),
(59, '2006-03-22', '00.01.1900', 3, '', '', '4495743', 'ул.', 'Уссурийский пер.', '8', '', '17', 'К-09: Золотина Е.Е.'),
(60, '2006-04-10', '00.01.1900', 1, '', '', '5990966', 'ул.', '', '', '', '', 'Звонил Ростик'),
(61, '2006-04-12', '00.01.1900', 3, '', '', '4438500', 'ул.', '', '', '', '', 'Укртелеком'),
(62, '2006-04-12', '00.01.1900', 1, '', '', '5020115', 'ул.', '', '', '', '', ''),
(63, '2006-04-26', '00.01.1900', 3, '', '', '4331575', 'ул.', '', '', '', '', ''),
(64, '2006-04-27', '00.01.1900', 1, '', '', '5013156', 'ул.', '', '', '', '', 'вроде Филипп (раб.)'),
(65, '2006-04-27', '00.01.1900', 1, '', '', '5013156', 'ул.', '', '', '', '', 'вроде Филипп (раб.)'),
(66, '2006-04-28', '00.01.1900', 1, '', '', '2435276', 'ул.', '', '', '', '', ''),
(67, '2006-05-20', '00.01.1900', 3, '', '', '4331575', 'ул.', '', '', '', '', '\"звонил на этот тел. с работы - \"\"не звонили\"\"\"'),
(68, '2006-05-20', '00.01.1900', 3, '', '', '4331575', 'ул.', '', '', '', '', ''),
(69, '2006-06-02', '00.01.1900', 1, '', '', '5596060', 'ул.', '', '', '', '', 'Ошибк: Максим'),
(70, '2006-07-01', '00.01.1900', 3, '', '', '4194842', 'ул.', 'ТИМОШЕНКО МАРШАЛА УЛ.', '1В', '', '111', 'К-09: Зубарева Е.В.'),
(71, '2006-07-18', '00.01.1900', 1, '', '', '4939231', 'ул.', '', '', '', '', ''),
(72, '2006-07-25', '00.01.1900', 3, '', '', '2459547', 'ул.', '', '', '', '', ''),
(73, '2006-08-27', '00.01.1900', 1, '', '', '2460083', 'ул.', '', '', '', '', ''),
(74, '2006-09-22', '00.01.1900', 1, '', '', '4431480', 'ул.', 'В.БЛЮХЕРА УЛ.', '15', '', '69', 'К-09: Иванов Н.М.'),
(75, '2006-09-29', '00.01.1900', 1, '', '', '5859367', 'ул.', '', '', '', '', 'К-09: -'),
(76, '2006-10-07', '00.01.1900', 1, '', '', '4845089', 'ул.', '', '', '', '', 'Комарова'),
(77, '2006-11-10', '00.01.1900', 1, '', '', '4270800', 'ул.', '', '', '', '', 'кв.52'),
(78, '2006-11-26', '00.01.1900', 1, '', '', '5859367', 'ул.', '', '', '', '', ''),
(79, '2006-11-29', '00.01.1900', 0, '', '', '4639902', 'ул.', '', '', '', '', 'на моб.'),
(80, '2006-12-28', '00.01.1900', 1, '', '', '5612450', 'ул.', '', '', '', '', ''),
(81, '2006-12-30', '00.01.1900', 1, '', '', '4345208', 'ул.', '', '', '', '', 'Кормыло (Овчинников)'),
(83, '2007-02-05', '00.01.1900', 1, '', '', '4420568', 'ул.', '', '', '', '', ''),
(84, '2007-02-06', '00.01.1900', 0, 'моб.', '098', '5856755', 'ул.', '', '', '', '', ''),
(85, '2007-02-06', '00.01.1900', 0, 'моб.', '8-     098', '2445076', 'ул.', '', '', '', '', ''),
(86, '2007-02-07', '00.01.1900', 0, 'моб.', '067', '7381704', 'ул.', '', '', '', '', ''),
(87, '2007-02-19', '00.01.1900', 7, '', '', '4333853', 'ул.', 'РАДЯНСКОЙ УКРАИНЫ ПРОСП.', '18', 'Б', '2', 'К-09: Варакина Н.Л. (может Карп)'),
(88, '2007-02-28', '00.01.1900', 0, 'моб.', '098', '4707229', 'ул.', '', '', '', '', ''),
(89, '2007-03-03', '00.01.1900', 1, '', '', '4627261', 'ул.', '', '', '', '', ''),
(90, '2007-03-03', '', 3, '', '', '2578383', 'ул.', '', '', '', '', ''),
(91, '2007-03-04', '00.01.1900', 3, '', '', '5153750', 'ул.', '', '', '', '', '\"К-09: АО\"\"Свитанок\"\",Л.Толстого ул.,д.6\"'),
(92, '2007-03-08', '00.01.1900', 7, '', '', '2765530', 'ул.', '', '', '', '', ''),
(93, '2007-04-04', '00.01.1900', 0, '', '', '5859367', 'ул.', '', '', '', '', 'Ростик'),
(94, '2007-04-18', '', 0, 'моб.', '067', '7271217', 'ул.', '', '', '', '', ''),
(95, '2007-04-20', '', 0, '', '', '5859367', 'ул.', '', '', '', '', ''),
(97, '2007-05-02', '', 0, '', '', '2351815', 'ул.', '', '', '', '', ''),
(98, '2007-05-10', '00.01.1900', 0, '', '', '5990966', 'ул.', '', '', '', '', ''),
(100, '2007-06-05', '00.01.1900', 7, '', '', '4333853', 'ул.', '', '', '', '', ''),
(101, '2007-06-17', '', 0, '', '', '5036507', 'ул.', '', '', '', '', ''),
(102, '2007-06-23', '', 0, '', '', '4600066', 'ул.', '', '', '', '', ''),
(103, '2007-07-03', '00.01.1900', 0, 'моб.', '097', '4090718', 'ул.', '', '', '', '', ''),
(104, '2007-07-13', '00.01.1900', 0, 'моб.', '067', '6932826', 'ул.', '', '', '', '', ''),
(105, '2007-07-26', '', 0, '', '', '5859367', 'ул.', '', '', '', '', ''),
(106, '2007-08-06', '00.01.1900', 7, '', '', '4551247', 'ул.', '', '', '', '', ''),
(107, '2007-09-13', '', 7, '', '', '5320417', 'ул.', '', '', '', '', ''),
(108, '2007-10-02', '00.01.1900', 1, '', '', '4525030', 'ул.', '', '', '', '', ''),
(109, '2007-10-01', '00.01.1900', 0, 'моб.', '096', '9579932', 'ул.', '', '', '', '', ' - почти мой номер'),
(110, '2007-10-03', '', 0, '', '', '4149266', 'ул.', '', '', '', '', ''),
(111, '2007-10-12', '00.01.1900', 7, '', '', '4306694', 'ул.', '', '', '', '', 'паспорт'),
(112, '2007-10-17', '00.01.1900', 1, '', '', '4340174', 'ул.', '', '', '', '', ''),
(113, '2007-10-17', '00.01.1900', 3, '', '', '4675920', 'ул.', '', '', '', '', ''),
(115, '2007-10-18', '', 0, '', '', '4333853', 'ул.', '', '', '', '', ''),
(116, '2007-10-22', '00.01.1900', 1, '', '', '4340174', 'ул.', '', '', '', '', 'Толик (сантехника)'),
(117, '2007-11-02', '00.01.1900', 0, 'дом.', '067', '6932820', 'ул.', '', '', '', '', ''),
(118, '2007-11-07', '00.01.1900', 0, '', '', '4683080', 'ул.', '', '', '', '', 'кожгалантерейное производство'),
(119, '2007-11-07', '00.01.1900', 3, '', '', '4675920', 'ул.', '', '', '', '', ''),
(120, '2007-11-13', '00.01.1900', 3, '', '', '4005210', 'ул.', '', '', '', '', 'почта'),
(121, '2007-11-17', '00.01.1900', 1, '', '', '4495180', 'ул.', '', '', '', '', 'перезвонил: ошиблись'),
(122, '2007-11-29', '00.01.1900', 0, '', '', '5852702', 'ул.', '', '', '', '', ''),
(123, '2007-12-12', '00.01.1900', 0, '', '', '4128239', 'ул.', '', '', '', '', 'звонили на моб.'),
(124, '2008-01-22', '00.01.1900', 1, '', '', '5038894', 'ул.', '', '', '', '', '\" ТОВ \"\"Ре-мес\"\" (займається продажем ексклюзивної шерстяної постелі)\"'),
(125, '2008-01-22', '00.01.1900', 1, '', '', '5319123', 'ул.', '', '', '', '', ' ПРОМЕД Стоматология (www.promed.ua)'),
(126, '2008-01-23', '00.01.1900', 1, '', '', '4939546', 'ул.', '', '', '', '', ''),
(127, '2008-01-24', '00.01.1900', 1, '', '', '5813690', 'ул.', '', '', '', '', 'ошиблись номером (позвали Максима, Валеру)'),
(128, '2008-04-30', '00.01.1900', 1, '', '', '5017676', 'ул.', '', '', '', '', ''),
(129, '2008-05-02', '00.01.1900', 1, '', '', '4495180', 'ул.', '', '', '', '', ''),
(130, '2008-05-02', '00.01.1900', 7, '', '', '4435494', 'ул.', '', '', '', '', ''),
(131, '2008-05-20', '', 0, '', '', '4426233', 'ул.', '', '', '', '', ''),
(132, '2008-08-26', '', 0, '', '', '4433038', 'ул.', '', '', '', '', 'вытяжки прочистить'),
(133, '2008-08-26', '', 0, '', '', '4438258', 'ул.', '', '', '', '', 'Вталик (мусор)'),
(134, '2008-08-27', '00.01.1900', 1, '', '', '5022020', 'ул.', '', '', '', '', 'звонков 20… и тишина …'),
(135, '2008-09-07', '00.01.1900', 0, 'моб.', '096', '7881876', 'ул.', '', '', '', '', '6 звонков на старый'),
(136, '2008-09-26', '00.01.1900', 1, '', '', '4958414', 'ул.', '', '', '', '', ''),
(137, '2009-02-15', '00.01.1900', 7, '', '', '4495997', 'ул.', '', '', '', '', ''),
(138, '2009-02-17', '00.01.1900', 0, 'моб.', '097', '5102495', 'ул.', '', '', '', '', ''),
(139, '2009-04-05', '', 0, '', '', '4330522', 'ул.', '', '', '', '', ''),
(140, '2009-05-03', '', 0, '', '', '2392365', 'ул.', '', '', '', '', 'типа ошиблись'),
(141, '2009-05-08', '00.01.1900', 3, '', '', '5592209', 'ул.', '', '', '', '', 'ПОЧТА'),
(142, '2009-06-02', '00.01.1900', 1, '', '', '2201025', 'ул.', '', '', '', '', ''),
(143, '2009-06-07', '00.01.1900', 1, '', '', '2474794', 'ул.', '', '', '', '', ''),
(144, '2009-05-30', '', 0, '', '067', '9185112', 'ул.', '', '', '', '', 'X600: куча звонков! 29.05.09-30.05.09'),
(145, '2009-05-29', '00.01.1900', 0, '', '067', '9374614', 'ул.', '', '', '', '', 'X600: 2 звонка'),
(146, '2009-06-19', '', 0, '', '093', '6097666', 'ул.', '', '', '', '', 'X600'),
(147, '2009-05-23', '', 0, '', '068', '9863571', 'ул.', '', '', '', '', 'X600:'),
(149, '2009-07-31', '00.01.1900', 1, '', '', '4332643', 'ул.', '', '', '', '', 'Довбня Е.В. http://wg119.odnoklassniki.ru/dkst.cmd=friendMain&st.friendId=18475183672950328637&tkn=1207#st.cmd=friendMain&st.friendId=48475183672950328637'),
(151, '2009-09-25', '00.01.1900', 0, '', '', '2000902', 'ул.', '', '', '', '', ''),
(152, '2009-09-25', '00.01.1900', 0, '', '', '4289494', 'ул.', '', '', '', '', ''),
(153, '2009-10-26', '00.01.1900', 1, '', '', '3604867', 'ул.', '', '', '', '', ''),
(154, '2009-10-29', '00.01.1900', 1, '', '', '4289487', 'ул.', '', '', '', '', 'соцопрос: за кого голосовать будете'),
(155, '2009-11-05', '00.01.1900', 1, '', '', '5024020', 'ул.', '', '', '', '', ''),
(156, '2009-11-19', '00.01.1900', 1, '', '', '4498843', 'ул.', '', '', '', '', 'Липовик С.А., ул.Чистяковская, 12, 60'),
(157, '2009-11-23', '00.01.1900', 1, '', '', '5018426', 'ул.', '', '', '', '', ''),
(158, '2009-11-24', '00.01.1900', 7, '', '', '4433835', 'ул.', '', '', '', '', 'Хоробрих I.I., Щербакова Ул.,49В,69'),
(160, '2009-12-02', '00.01.1900', 3, '', '', '4534357', 'ул.', '', '', '', '', ''),
(161, '2009-12-28', '00.01.1900', 1, '', '', '4289487', 'ул.', '', '', '', '', 'соцопрос из лагеря Януковича'),
(162, '2010-01-12', '00.01.1900', 0, 'моб.', '050', '3382877', 'ул.', '', '', '', '', 'на моб.'),
(163, '2010-01-13', '00.01.1900', 7, '', '', '4438592', 'ул.', '', '', '', '', ''),
(164, '2010-01-15', '00.01.1900', 1, '', '', '2293896', 'ул.', '', '', '', '', '\"Звонила какая-то Алла, говорила то о правительстве, то о Боге (	Маложитомирская Ул.,10,59)\"'),
(165, '2010-02-15', '00.01.1900', 1, '', '', '2228170', 'ул.', '', '', '', '', 'это Троещина, где-то на  ул. Бальзака'),
(166, '2010-03-10', '00.01.1900', 1, '', '', '3537441', 'ул.', '', '', '', '', ''),
(167, '2010-04-05', '00.01.1900', 1, '', '', '4332643', 'ул.', '', '', '', '', 'в этот раз позвали Володю'),
(168, '2010-04-30', '00.01.1900', 0, '', '', '4008113', 'ул.', '', '', '', '', ''),
(169, '2010-09-02', '', 1, '', '', '2238349', 'ул.', '', '', '', '', ''),
(170, '2010-10-14', '00.01.1900', 3, '', '', '2929280', 'ул.', '', '', '', '', ''),
(171, '2010-12-06', '00.01.1900', 0, '', '', '4496236', 'ул.', '', '', '', '', 'Полина'),
(172, '2010-12-09', '00.01.1900', 0, '', '', '4973579', 'ул.', '', '', '', '', 'Варшавський ,Новополевая Ул., 106,10'),
(173, '2010-12-09', '00.01.1900', 0, '', '', '5250782', 'ул.', '', '', '', '', 'Мурзіна , Голосеевская Ул., 10, 126'),
(174, '2010-12-12', '00.01.1900', 0, '', '', '5811158', 'ул.', '', '', '', '', 'ВИАСАТ или кидалово'),
(175, '2010-12-09', '00.01.1900', 0, '', '', '4433038', 'ул.', '', '', '', '', 'ГОС.ПРЕДПР.ПО СОДЕРЖ. ЖИЛ.ФОНДА РАДЯНСКОГО Р-НА'),
(176, '2010-12-18', '00.01.1900', 0, '', '', '4343587', 'ул.', '', '', '', '', 'Моголивець'),
(177, '2010-12-25', '00.01.1900', 1, '', '', '5819172', 'ул.', '', '', '', '', ''),
(178, '2010-12-29', '00.01.1900', 1, '', '', '4182449', 'ул.', '', '', '', '', 'Маршала Малиновского Ул., 13А, 71, Мартиненко В.А.'),
(179, '2011-01-12', '00.01.1900', 0, 'моб.', '068', '3575005', 'ул.', '', '', '', '', ''),
(180, '2011-01-10', '00.01.1900', 0, '', '', '3231324', 'ул.', '', '', '', '', ''),
(181, '2011-02-17', '00.01.1900', 1, '', '', '3931079', 'ул.', '', '', '', '', ''),
(182, '2011-03-17', '', 0, '', '', '3791785', 'ул.', '', '', '', '', 'ЛАНЕТ'),
(183, '2011-03-23', '00.01.1900', 0, 'моб.', '067', '2457571', 'ул.', '', '', '', '', ''),
(184, '0000-00-00', '', 0, 'моб.', '068', '8092994', 'ул.', '', '', '', '', 'kinamazing'),
(185, '0000-00-00', '', 0, 'моб.', '066', '7224742', 'ул.', '', '', '', '', 'kinamazing (старый)'),
(186, '2011-07-03', '', 0, 'дом.', '', '4345665', 'ул.', '', '', '', '', 'Бурунжа (Бурунжиу)'),
(187, '2011-11-19', '00.01.1900', 1, '', '', '2011470', 'ул.', '', '', '', '', ''),
(188, '2012-06-15', '', 0, '', '', '5819172', '', '', '', '', '', ''),
(189, '2012-06-16', '', 0, '', '', '5819172', '', '', '', '', '', ''),
(190, '2012-06-30', '', 0, '', '', '5819172', '', '', '', '', '', ''),
(191, '2012-07-04', '00.01.1900', 0, '', '', '3328358', 'ул.', '', '', '', '', 'в базе Киев09 нет!'),
(192, '2012-07-29', '00.01.1900', 3, '', '', '2351815', 'ул.', '', '', '', '', 'Ярмоленко'),
(193, '2012-07-30', '00.01.1900', 1, '', '', '5970707', 'ул.', '', '', '', '', ''),
(194, '2012-08-14', '00.01.1900', 0, '', '', '5017676', 'ул.', '', '', '', '', ''),
(195, '2012-12-06', '', 0, '', '', '4569389', 'ул.', '', '', '', '', ''),
(196, '2013-03-10', '00.01.1900', 0, '', '', '5819172', 'ул.', '', '', '', '', '\"\"\"кдп \"\"\"\"фарлеп\"\"\"\" Київське Дочiрнє Пiдприємство \"\"\"\"фарлеп\"\"\"\"\"'),
(197, '2013-03-11', '00.01.1900', 0, '', '', '4439249', 'ул.', '', '', '', '', '\"Кравченко Вi (	Блюхера В. Ул., дом 11/А, кв. 43)\"'),
(198, '2013-03-11', '00.01.1900', 0, '', '', '3541622', 'ул.', '', '', '', '', 'Ничего не найдено.'),
(199, '2013-03-12', '00.01.1900', 0, '', '', '3230528', 'ул.', '', '', '', '', 'Ничего не найдено.'),
(200, '2013-03-12', '00.01.1900', 0, '', '', '3541622', 'ул.', '', '', '', '', 'Ничего не найдено.'),
(201, '2013-03-13', '00.01.1900', 0, '', '', '5819172', 'ул.', '', '', '', '', '\"\"\"кдп \"\"\"\"фарлеп\"\"\"\" Київське Дочiрнє Пiдприємство \"\"\"\"фарлеп\"\"\"\"\"'),
(202, '0000-00-00', '', 0, '', '', '2380051', 'ул.', '', '', '', '', ''),
(203, '0000-00-00', '', 0, '', '', '4439249', 'ул.', '', '', '', '', '\"Кравченко Вi (	Блюхера В. Ул., дом 11/А, кв. 43)\"'),
(204, '2013-05-02', '', 0, '', '', '2062069', 'ул.', '', '', '', '', ''),
(205, '2013-05-30', '00.01.1900', 0, '', '', '3791785', 'ул.', '', '', '', '', 'ЛАНЕТ');

-- --------------------------------------------------------

--
-- Структура таблицы `users`
--

CREATE TABLE `users` (
  `ID_Users` int(11) NOT NULL,
  `ID_UsersGroup` int(11) DEFAULT NULL,
  `Surname` text NOT NULL,
  `Name` text NOT NULL,
  `Patronymic` text NOT NULL,
  `Nickname` text NOT NULL,
  `OnNickname` text NOT NULL,
  `Birth` date DEFAULT NULL,
  `IsImportant` text NOT NULL,
  `eMail` text NOT NULL,
  `Note` text NOT NULL
) ENGINE=InnoDB DEFAULT CHARSET=utf8;

--
-- Дамп данных таблицы `users`
--

INSERT INTO `users` (`ID_Users`, `ID_UsersGroup`, `Surname`, `Name`, `Patronymic`, `Nickname`, `OnNickname`, `Birth`, `IsImportant`, `eMail`, `Note`) VALUES
(4, 0, 'Незвинский', 'Алексей', '', '', '0', '1967-01-11', '1', '', ''),
(5, 3, 'Воловик', 'Виктор', 'Владиленович', '', '0', '1967-03-01', '1', '', ''),
(6, 0, 'Игорь (брокер)', '', '', '', '0', '0000-00-00', '1', '', ''),
(7, 3, 'Голуб', 'Игорь', '', '', '0', '0000-00-00', '1', '', ''),
(9, 0, 'Кирпа', 'Олег', '', '', '0', '0000-00-00', '1', '', ''),
(10, 3, 'Кузьмин', 'Николай', '', '', '0', '0000-00-00', '1', '', 'гараж № 496'),
(11, 0, 'Капацевич', 'Анатолий', 'Г.', '', '0', '0000-00-00', '1', '', ''),
(12, 0, 'Хайлов', 'Владимир', '', '', '0', '0000-00-00', '1', '', ''),
(13, 0, 'Буряк', 'Анна', '', '', '0', '0000-00-00', '1', '', ''),
(14, 0, 'Васильцов', 'Алексей', '', '', '0', '0000-00-00', '1', '', ''),
(15, 0, 'Петров', 'Олег', 'Анатольевич', '', '0', '0000-00-00', '1', '', '+38050 3560533'),
(16, 0, 'Березань', 'Виталий', 'Владимирович', '', '0', '1968-01-18', '1', '', ''),
(17, 0, 'Максименко', 'Юрии', 'Леонидович', '', '0', '1968-08-18', '1', '', ''),
(18, 0, 'Вехтев', 'Олег', '', '', '0', '0000-00-00', '1', '', ''),
(19, 0, 'Самойленко', 'Олег', '', '', '0', '0000-00-00', '1', '', ''),
(20, 0, 'Бондаренко', '', '', 'Бендер', '1', '0000-00-00', '1', '', ''),
(21, 0, 'Макаренко', 'Вячеслав', '', '', '0', '0000-00-00', '1', '', ''),
(22, 0, 'Гальченко', 'Татьяна', '', '', '0', '0000-00-00', '1', '', ''),
(23, 0, 'Лишевский', 'Владислав', 'Викторович', '', '0', '1967-01-03', '1', '', ''),
(24, 3, 'Самохвалов', 'Вячеслав', 'Семенович', '', '0', '1962-12-11', '1', '', ''),
(25, 0, 'Пивчук', 'Ольга', 'Максимовна', '', '0', '0000-00-00', '1', '', ''),
(26, 0, 'Мишко', 'Игорь', 'Викторович', '', '0', '1966-11-20', '1', '', ''),
(27, 0, 'Калькутин', 'Григорий', 'Юрьевич', '', '0', '0000-00-00', '1', '', ''),
(28, 0, 'Зина', 'Саша', '', '', '0', '0000-00-00', '1', '', ''),
(30, 0, 'Рыбальченко', 'Алексей', '', '', '0', '0000-00-00', '1', '', ''),
(31, 0, 'Овчинников', 'Игорь', '', '', '0', '1967-06-14', '1', '', ''),
(32, 1, 'Сакунов', 'Сергей', '', '', '0', '0000-00-00', '1', '', ''),
(33, 0, 'Артем', '', '', '\"Артем - \"\"хакер\"\"\"', '1', '0000-00-00', '1', '', ''),
(34, 0, 'Омельченко', 'Наталья', 'Юрьевна', '', '0', '1962-04-07', '1', '', ''),
(35, 0, 'Калькутина', 'Лариса', 'Андреевна', '', '0', '1945-02-12', '1', '', ''),
(37, 0, 'Петрова', 'Эмма', 'Борисовна', 'Эмма Борисовна', '1', '0000-00-00', '1', '', ''),
(39, 0, 'Головко', 'Тарас', '', '\"Тарас \"\"белый\"\"\"', '1', '0000-00-00', '1', '', ''),
(40, 0, 'Терлецкий', 'Тарас', '', '\"Тарас \"\"черный\"\"\"', '1', '0000-00-00', '1', '', ''),
(41, 0, 'Кутишенко', 'Сергей', '', '', '0', '0000-00-00', '1', '', ''),
(42, 0, 'Захарова', 'Наталья', 'В.', '', '0', '0000-00-00', '1', '', ''),
(43, 0, 'Писанко', 'Олег', 'Игоревич', '', '0', '1967-03-25', '1', '', '25'),
(44, 0, 'Петровский', 'Валентин', '', '', '0', '1968-05-11', '1', '', ''),
(45, 0, 'Руссов', 'Сергей', 'Павлович', '', '0', '0000-00-00', '1', '', ''),
(46, 0, 'Зайцев', 'Михаил', 'Андреевич', '', '0', '0000-00-00', '1', '', ''),
(47, 0, 'Федченко', 'Наталья', '', '', '0', '0000-00-00', '1', '', ''),
(48, 0, 'Фошкин', 'Александр', 'Александрович', '', '0', '0000-00-00', '1', '', ''),
(49, 0, 'Шиманович', 'Сергей', '', '', '0', '0000-00-00', '1', '', ''),
(50, 0, 'Витковский', 'Вячеслав', '', '', '0', '0000-00-00', '1', '', ''),
(51, 0, 'Стырта', 'Надежда', 'Акимовна', '', '0', '0000-00-00', '1', '', ''),
(52, 0, 'Шевченко', 'Надежда', 'Осиповна', '', '0', '0000-00-00', '1', '', ''),
(53, 0, 'Сусенко', 'Валентина', 'Яковлевна', 'Кв. 56 В.Я.', '1', '0000-00-00', '1', '', ''),
(54, 0, 'Пустовит', 'Василий', '', '', '0', '0000-00-00', '1', '', ''),
(55, 0, 'Гаевой', 'Дмитрий', '', 'Гай', '1', '0000-00-00', '1', '', ''),
(56, 0, 'Сезоненко', 'Валерий', 'Владимирович', '', '0', '0000-00-00', '1', '', ''),
(57, 0, 'Кочин', '', '', '', '0', '0000-00-00', '1', '', ''),
(58, 0, 'Городецкий', 'Владимирович', 'Борисович', '', '0', '0000-00-00', '1', '', ''),
(59, 0, 'Терида', 'Георгий', 'Георгиевич', '', '0', '0000-00-00', '1', '', ''),
(60, 0, 'Савченко', 'Сергей', '', '\"Сережа \"\"маленкий\"\"\"', '1', '0000-00-00', '1', '', ''),
(61, 0, 'Горбань', 'Василий', 'Владимирович', '', '0', '0000-00-00', '1', '', ''),
(62, 0, 'Уткин', 'Сергей', 'Константинович', '', '0', '0000-00-00', '1', '', ''),
(63, 0, '', 'Владимир', '', 'Отец Владимир', '1', '0000-00-00', '1', '', ''),
(64, 0, 'Татьяна', '', '', '\"Татьяна (\"\"Герой-геморрой\"\")\"', '1', '0000-00-00', '1', '', ''),
(65, 0, 'Дружинин', 'Виталий', '', '', '0', '0000-00-00', '1', '', ''),
(66, 0, 'Чижук', 'Оксана', '', 'Оксана, Игорь', '1', '0000-00-00', '1', '', ''),
(67, 0, 'Сергийчук', 'Сергей', '', '', '0', '0000-00-00', '1', '', 'Авдея друг'),
(68, 0, 'Котляров', '', '', '', '0', '0000-00-00', '1', '', ''),
(69, 0, 'Царик', 'Игорь', '', '', '0', '0000-00-00', '1', '', ''),
(70, 0, 'Ярцев', 'Дмитрий', '', '', '0', '1971-01-12', '1', '', ''),
(71, 0, '', 'Юрий', '', 'Юра (сварщик)', '1', '0000-00-00', '1', '', ''),
(72, 0, 'Любых', 'Александр', 'Павлович', '', '0', '1966-04-09', '1', '', ''),
(73, 0, 'Женя', '', '', '', '0', '0000-00-00', '1', '', ''),
(74, 0, 'Василенко', 'Максим', '', 'Макс', '1', '0000-00-00', '1', '', ''),
(81, 0, 'Овчар', 'Анатольевич', 'Евгеньевич', 'Толик', '1', '1963-09-07', '1', '', ''),
(82, 0, 'Омельченко', 'Людмила', 'Ивановна', '', '0', '2000-01-25', '1', '', ''),
(83, 0, 'Катеринин', 'Юрий', '', '', '0', '0000-00-00', '1', '', ''),
(84, 0, 'Москаленко', 'Григорий', '', '', '0', '2000-08-09', '1', '', ''),
(85, 0, 'Москаленко', 'Александра', 'Владимировна', '', '0', '1980-09-12', '1', '', ''),
(86, 0, 'Малюга', 'Галина', 'Михайловна', 'Галка', '1', '0000-00-00', '1', '', ''),
(87, 0, 'Овчар', 'Евгений', 'Анатольевич', 'Жека', '1', '1988-06-15', '1', '', ''),
(88, 1, 'Кривенко', 'Сергей', 'Борисович', '', '0', '1967-09-26', '1', '', ''),
(89, 0, 'Кучеровская', 'Лариса', 'Михайловна', 'Лорик', '1', '1966-10-16', '1', '', ''),
(90, 0, 'Мельниченко', 'Филипп', 'Леонидович', '', '0', '0000-00-00', '1', '', ''),
(91, 0, 'Спесивцев', 'Игорь', 'Иванович', '', '0', '0000-00-00', '1', '', ''),
(92, 0, 'Комарова', 'Татьяна', '', '', '0', '1978-04-07', '1', '', ''),
(93, 0, 'Савченко', 'Любовь', '', 'Люба (кв.8)', '1', '2005-04-16', '1', '', ''),
(94, 0, 'Света', '', '', '', '0', '0000-00-00', '1', '', ''),
(95, 2, 'Киевэнерго', '', '', '#Киевэнерго', '1', '0000-00-00', '1', '', 'Наташа, Алена Степановна'),
(96, 0, 'Сакун', 'Вячеслав', 'Валентинович', '', '0', '0000-00-00', '1', '', ''),
(97, 0, 'Данилюк', 'Руслан', 'Анатольевич', 'Карп', '1', '1970-06-06', '1', '', ''),
(98, 0, 'Коломиец', 'Ростислав', 'Витальевич', 'Ростик', '1', '1967-06-17', '1', '', ''),
(99, 0, 'Целик', 'Светлана', 'Ивановна', 'Светик', '1', '1959-12-25', '1', '', ''),
(103, 0, 'Науменко', 'Валентин', 'Николаевич', 'Наум', '1', '0000-00-00', '1', '', ''),
(106, 0, 'Шеметова', 'Галина', 'Яковлевна', 'Галина Яковлевна (кв.65)', '1', '0000-00-00', '1', '', ''),
(120, 0, 'Павел', '', '', '\"Паша \"\"цыган\"\"\"', '1', '0000-00-00', '1', '', ''),
(121, 1, 'Лябах', 'Наталья', 'Николаевна', '# СТОМАТОЛОГИЯ 1', '1', '0000-00-00', '1', '', '\"Подол, завод \"\"Эталон\"\"\"'),
(122, 1, '', 'Светлана', 'Анатольевна', '# СТОМАТОЛОГИЯ 2', '1', '0000-00-00', '1', '', ''),
(123, 1, '', 'Юра', '', '# САНТЕХНИК Юра', '1', '0000-00-00', '1', '', '\"19.01.2006 приходил ставить общие вентили.Обещал поставить труюы.(общ. сумма =600-700грн.)\"'),
(124, 1, '\"\"\"Фаворит\"\" кредитна спілка\"', 'голова правління Волобуєв Т.В.', '\"\"\"Укрсоцбанк\"\" КОФ АКБ\"', '\"#\"\"Укрсоцбанк\"\" КОФ АКБ\"', '1', '0000-00-00', '1', '', '\"КОФ АКБ \"\"Укрсоцбанк\"\"Кредитна спілка \"\"Фаворит\"\"кредит \"\"Гнучкий\"\"ідентифікаційний код 26112127.П/р 26509380708401 вКОФ АКБ \"\"Укрсоцбанк\"\"МФО 321013ідентифікаційний код 26112127тел. 590-0389голова правління Волобуєв Т.В.,кредитний договір 86/09021 від 04.02.06р.\"'),
(125, 1, 'Стасюк', 'Алексей', 'Викторович', '# МИЛИЦИЯ', '1', '0000-00-00', '1', '', 'участковый'),
(126, 0, 'Нетреба', 'Паша', 'Павловна', 'Паша Павловна (бабушка)', '1', '0000-00-00', '1', '', 'работали на газетах'),
(128, 0, 'Золотаренко', 'Валентина', 'Григорьевна', 'Валентина Григорьевна', '1', '1944-02-25', '1', '', ''),
(129, 0, '\"\"\"Кабельволя\"\"\"', '', '', 'Кабельное ТВ', '1', '0000-00-00', '1', '', ''),
(130, 0, '', 'Галина', '', 'кв.52', '1', '0000-00-00', '1', '', ''),
(131, 1, 'Укртелеком', '', '', '\"# ВАТ \"\"Укртелеком\"\"\"', '1', '0000-00-00', '1', '', ''),
(132, 11, 'Шеметов', 'Генадий', '', 'Генка', '1', '0000-00-00', '1', '', ''),
(133, 4, '', 'Стелла', '', 'Стелла', '1', '1988-09-30', '0', '', ''),
(135, 3, 'Столяр', 'Владимир', '', 'Гога', '1', '1967-03-23', '1', '', 'Walter Stolyar'),
(136, 3, 'Боленчук', 'Борис', '', 'Борман', '1', '1967-04-17', '1', '', ''),
(137, 1, 'Булгаков', 'Александр', 'Олегович', 'Саша (бывш.кв.59)', '1', '0000-00-00', '1', '', ''),
(139, 1, 'Булгакова', 'Любовь', '', 'Люба (бывш.кв.59)', '1', '0000-00-00', '1', '', ''),
(140, 4, 'Козин', 'Виктор', 'Николаевич', '', '0', '1965-01-23', '1', '', ''),
(141, 11, 'Ярмоленко', 'Константин', 'Александрович', '', '0', '0000-00-00', '1', '', ''),
(142, 1, 'Метелкина', 'Людмила', '', 'Найка', '1', '0000-00-00', '1', '', ''),
(143, 4, 'Коник', 'Юлия', '', '', '0', '0000-00-00', '1', '', ''),
(144, 4, 'Сапига', 'Олег', '', 'Сапига Олег', '1', '0000-00-00', '1', '', ''),
(145, 4, 'Камыш', 'Сергей', '', 'Камыш Сергей', '1', '0000-00-00', '1', '', ''),
(146, 2, 'Светлана', '', '', 'ALICO - Света', '1', '0000-00-00', '1', '', ''),
(147, 11, 'Клепацкий', 'Анатолий', 'И', '', '0', '0000-00-00', '1', '', ''),
(149, 4, 'Матвеев', 'Владимир', '', '', '0', '1953-12-03', '1', '', ''),
(150, 3, 'Стрюк', 'Валентина', '', 'Валя Стрюк', '1', '1974-11-18', '1', '', ''),
(151, 3, 'Журкова', 'Людмила', '', '', '0', '0000-00-00', '1', '', ''),
(152, 4, 'Ральченко', 'Максим', '', 'СТБ - Макс', '0', '1983-04-13', '1', '', ''),
(153, 3, 'Оришич', 'Александр', '', 'Саид', '1', '0000-00-00', '1', '', ''),
(154, 3, 'Дроздова', 'Лариса', 'Павловна', '', '0', '0000-00-00', '1', '', ''),
(155, 11, 'Дроздов', 'Андрей', 'Павлович', '', '0', '0000-00-00', '1', '', ''),
(156, 11, '', '', '', '... (светляк)', '1', '0000-00-00', '1', '', ''),
(157, 4, '', 'Андрей', '', 'Андрей (светляк)', '1', '0000-00-00', '1', '', ''),
(158, 3, 'Журило', 'Павел', '', '', '0', '1966-11-15', '1', '', ''),
(159, 1, 'Пустовит', 'Василий', '', 'Вася', '1', '0000-00-00', '1', '', ''),
(160, 4, 'Савенко', 'Владимир', '', 'Савенко Володя', '1', '0000-00-00', '1', '', '');

-- --------------------------------------------------------

--
-- Структура таблицы `usersaddress`
--

CREATE TABLE `usersaddress` (
  `ID_UsersAddress` int(11) DEFAULT NULL,
  `ID_Users` int(11) DEFAULT NULL,
  `ID_СountryCity` int(11) DEFAULT NULL,
  `PostCode` text NOT NULL,
  `Address` text NOT NULL,
  `Note` text NOT NULL
) ENGINE=InnoDB DEFAULT CHARSET=utf8;

--
-- Дамп данных таблицы `usersaddress`
--

INSERT INTO `usersaddress` (`ID_UsersAddress`, `ID_Users`, `ID_СountryCity`, `PostCode`, `Address`, `Note`) VALUES
(1, 4, 0, '', 'г.Москва, ул.Митинская, 53, кв.160', 'старый'),
(3, 5, 0, '', 'г.Москва, ул.Митинская, 53, кв.164', ''),
(7, 46, 0, '', 'ул.Тагильская, 5', ''),
(12, 122, 0, '', 'ул. Василя Стуса, 35/37, каб.110', ''),
(13, 4, 0, '', 'г.Москва, ул. Соловьиная Роща, 9, кв.86', 'новый (Куркино)'),
(14, 5, 0, '', 'г.Москва, ул.Митинская, 53, кв.160', 'старый Незвинского'),
(15, 124, 0, '', 'пр.Правды, 35', 'Виноградарское отделение'),
(16, 125, 0, '', 'Туполева, 20-В', ''),
(17, 124, 0, '', 'вул.Щорса, 36Б, 01133', '\"Кредитна спілка \"\"Фаворит\"\"\"'),
(18, 124, 0, '', 'вул.Дорогожицька, 1', '\"Кредитна спілка \"\"Фаворит\"\"\"'),
(19, 128, 0, '', 'МЕЖЕВОЙ ПЕР., 3А, кв.83', ''),
(20, 135, 0, '', '44 Radcliff Dr, Doylestown, PA, 18901', ''),
(21, 141, 0, '', 'Л.УКРАИНКИ БУЛ., 4, кв.41', ''),
(22, 43, 0, '', 'ГРЕЧКО МАРШАЛА УЛ.10 кв. 105', ''),
(23, 15, 0, '', 'ул.Симиренко, 22Г, кв.99', ''),
(24, 151, 0, '', '50-летия Октября Пр., 1Б, 274', 'Ящук Л.Є.'),
(25, 153, 0, '', 'пр. Правды, 96, кв.71', ''),
(26, 154, 0, '', '\"Россия,', ''),
(0, 0, 0, '', '', ''),
(0, 0, 0, '', '', ''),
(0, 0, 0, '', '', ''),
(0, 0, 0, '', '', ''),
(28, 155, 0, '', '\"Россия,', ''),
(0, 0, 0, '', '', ''),
(0, 0, 0, '', '', '');

-- --------------------------------------------------------

--
-- Структура таблицы `usersbirth`
--

CREATE TABLE `usersbirth` (
  `ID_UsersBirth` int(11) NOT NULL,
  `ID_Users` int(11) DEFAULT NULL,
  `Person` text NOT NULL,
  `Rank` text NOT NULL,
  `Birth` date DEFAULT NULL,
  `IsImportant` text NOT NULL
) ENGINE=InnoDB DEFAULT CHARSET=utf8;

--
-- Дамп данных таблицы `usersbirth`
--

INSERT INTO `usersbirth` (`ID_UsersBirth`, `ID_Users`, `Person`, `Rank`, `Birth`, `IsImportant`) VALUES
(1, 16, 'Ира', 'жена', '1969-11-01', '1'),
(2, 16, 'Юра', 'сын', '1989-11-02', '1'),
(3, 99, 'Саша', 'сын', '1983-09-25', '1'),
(5, 35, 'д. Юра', 'муж', '1967-04-01', '1'),
(6, 34, 'Катя', 'дочь', '1989-11-22', '1'),
(7, 99, 'Анна', 'мать', '1936-12-04', '1'),
(8, 82, 'дядя Толя', 'муж', '1939-07-17', '1'),
(9, 82, 'дядя Толя (умер)', 'муж', '2001-08-10', '1'),
(10, 89, 'Ринат', 'типа муж', '1970-01-20', '1'),
(11, 17, 'Наташа', 'жена', '0000-00-00', '1'),
(12, 17, 'Максим', 'сын', '1989-11-22', '1'),
(13, 17, 'Даша', 'дочь', '0000-00-00', '1'),
(14, 124, 'Paul McCartney', 'Beatles', '1942-06-18', '1'),
(15, 135, 'Маша', 'дочь', '2003-05-21', '1'),
(16, 135, 'Соня', 'дочь', '2004-09-20', '1'),
(17, 135, 'Таня', 'жена', '0000-00-00', '0'),
(18, 27, 'Настя', 'дочь', '1900-01-21', '1'),
(19, 23, 'Славик', 'брат', '1961-03-14', '1'),
(20, 23, 'Света', 'жена', '1966-11-03', '1'),
(21, 97, 'Петр Кирилович', '', '0000-00-00', '1');

-- --------------------------------------------------------

--
-- Структура таблицы `usersemail`
--

CREATE TABLE `usersemail` (
  `ID_EMail` int(11) NOT NULL,
  `ID_Users` int(11) DEFAULT NULL,
  `eMail` text NOT NULL,
  `Point` text NOT NULL
) ENGINE=InnoDB DEFAULT CHARSET=utf8;

--
-- Дамп данных таблицы `usersemail`
--

INSERT INTO `usersemail` (`ID_EMail`, `ID_Users`, `eMail`, `Point`) VALUES
(6, 4, '', 'дом.'),
(7, 4, 'alex@logobook.ru#http://alex@logobook.ru#', 'раб.'),
(8, 5, '', 'дом.'),
(9, 5, 'volovik@aport.ru#http://volovik@aport.ru#', 'раб.'),
(10, 87, 'ovchar@rambler.ru#http://ovchar@rambler.ru#', 'беспл.'),
(11, 124, 'D:BasesHomeSystemAdditionКредит на SONY KV-BZ21 M71.xls#AdditionКредит на SONY KV-BZ21 M71.xls#', ''),
(12, 17, 'rodon@mail.ru#http://rodon@mail.ru#', 'беспл.'),
(14, 135, 'wstolyar@ictgroup.com#http://wstolyar@ictgroup.com#', ''),
(15, 135, 'hexyebo@gmail.com#http://hexyebo@gmail.com#', ''),
(16, 135, 'HEXYEBO@aol.com#http://HEXYEBO@aol.com#', ''),
(17, 136, 'bolenchuk@rambler.ru#http://bolenchuk@rambler.ru#', ''),
(18, 136, 'bolenchuk@gmail.com#http://bolenchuk@gmail.com#', ''),
(19, 150, 'svalulya@gmail.com#http://svalulya@gmail.com#', 'беспл.');

-- --------------------------------------------------------

--
-- Структура таблицы `usersgroup`
--

CREATE TABLE `usersgroup` (
  `ID_UsersGroup` int(11) NOT NULL,
  `UserIndex` text NOT NULL,
  `GroupName` text NOT NULL,
  `Indication` text NOT NULL,
  `Note` text NOT NULL
) ENGINE=InnoDB DEFAULT CHARSET=utf8;

--
-- Дамп данных таблицы `usersgroup`
--

INSERT INTO `usersgroup` (`ID_UsersGroup`, `UserIndex`, `GroupName`, `Indication`, `Note`) VALUES
(1, '1', 'Прочие', 'Прочие', ''),
(2, '2', 'Учреждения', 'Учрежд.', ''),
(3, '3', 'Друзья', 'Друзья', ''),
(4, '4', 'Работа', 'Работа', ''),
(5, '5', 'КВВИДКУС', 'КВВИДКУС', '');

-- --------------------------------------------------------

--
-- Структура таблицы `userspictures`
--

CREATE TABLE `userspictures` (
  `ID_UserPicture` int(11) NOT NULL,
  `ID_Users` int(11) DEFAULT NULL,
  `OLE_UserPicture` text NOT NULL,
  `EditUserPicture` text NOT NULL,
  `DateComing` date DEFAULT NULL,
  `DateOfPicture` date DEFAULT NULL,
  `Note` text NOT NULL
) ENGINE=InnoDB DEFAULT CHARSET=utf8;

--
-- Дамп данных таблицы `userspictures`
--

INSERT INTO `userspictures` (`ID_UserPicture`, `ID_Users`, `OLE_UserPicture`, `EditUserPicture`, `DateComing`, `DateOfPicture`, `Note`) VALUES
(2, 4, '', '1', '2005-01-12', '0000-00-00', 'Толик Ясинский'),
(3, 5, '', '1', '2005-01-12', '2000-06-19', ''),
(4, 5, '', '1', '2005-01-12', '2004-01-04', ''),
(5, 5, '', '1', '2005-01-28', '2004-01-04', ''),
(6, 5, '', '1', '2005-01-28', '2004-01-04', ''),
(7, 5, '', '1', '2005-01-28', '2004-01-04', ''),
(8, 5, '', '1', '2005-01-28', '2004-01-04', ''),
(9, 5, '', '1', '2005-01-28', '2004-01-04', ''),
(10, 5, '', '1', '2005-01-28', '2004-01-04', ''),
(11, 5, '', '0', '0000-00-00', '0000-00-00', ''),
(12, 63, '', '0', '0000-00-00', '0000-00-00', '');

-- --------------------------------------------------------

--
-- Структура таблицы `userstel`
--

CREATE TABLE `userstel` (
  `ID_UsersTel` int(11) NOT NULL,
  `ID_Users` int(11) DEFAULT NULL,
  `TypeTel` text NOT NULL,
  `ID_UsersTelType` int(11) DEFAULT NULL,
  `TelCode` text NOT NULL,
  `TelNumber` text NOT NULL,
  `DateIn` date DEFAULT NULL,
  `Note` text NOT NULL
) ENGINE=InnoDB DEFAULT CHARSET=utf8;

--
-- Дамп данных таблицы `userstel`
--

INSERT INTO `userstel` (`ID_UsersTel`, `ID_Users`, `TypeTel`, `ID_UsersTelType`, `TelCode`, `TelNumber`, `DateIn`, `Note`) VALUES
(10, 4, 'дом.', 3, '7495', '7595285', '0000-00-00', 'Валентина Емельяновна, Артем, Женя'),
(11, 4, 'моб.', 2, '7916', '6794570', '0000-00-00', ''),
(12, 5, 'дом.', 3, '7495', '7594676', '0000-00-00', 'Галина Сергеевна, Тимур, Марта'),
(13, 6, 'дом.', 3, '+38044', '4507484', '0000-00-00', ''),
(14, 7, 'дом.', 3, '+38044', '5146669', '0000-00-00', ''),
(16, 9, 'дом.', 3, '+38044', '4345681', '0000-00-00', ''),
(17, 10, 'дом.', 3, '+38044', '4332969', '0000-00-00', ''),
(18, 10, '', 10, '+38044', '2386860', '0000-00-00', ''),
(19, 10, '', 10, '+38044', '4193807', '0000-00-00', ''),
(20, 11, 'дом.', 3, '+38044', '2850930', '0000-00-00', ''),
(21, 12, 'дом.', 3, '+38044', '4336603', '0000-00-00', ''),
(22, 13, 'дом.', 3, '+38044', '4345542', '0000-00-00', ''),
(23, 14, 'дом.', 3, '+38044', '5176239', '0000-00-00', 'Мария Васильевна'),
(24, 14, 'дача', 9, '38298', '34724', '0000-00-00', ''),
(25, 14, 'дом.', 3, '+38044', '2671937', '0000-00-00', 'Зоя'),
(26, 14, 'раб.', 1, '+38044', '2919775', '0000-00-00', ''),
(27, 14, 'раб.', 1, '+38044', '2127296', '0000-00-00', ''),
(28, 15, 'дом.', 3, '+38044', '4586336', '0000-00-00', ''),
(29, 15, 'моб.', 2, '+38050', '3560533', '0000-00-00', ''),
(30, 16, 'дом.', 3, '+38044', '5168522', '0000-00-00', 'тесть: Николай Михайлович'),
(31, 16, 'моб.', 2, '+38067', '3160013', '0000-00-00', ''),
(32, 16, 'моб.', 2, '+38067', '3651145', '0000-00-00', 'Юра'),
(33, 17, 'дом.', 3, '+38044', '2410739', '0000-00-00', 'Наташа, Максим, Даша'),
(34, 17, 'моб.', 2, '+38050', '9291644', '0000-00-00', ''),
(35, 18, '', 10, '+38044', '5104642', '0000-00-00', ''),
(36, 19, 'дом.', 3, '+38044', '5542427', '2001-09-01', ''),
(37, 19, 'моб.', 2, '+38067', '2306318', '2001-09-01', ''),
(38, 20, 'дом.', 3, '+38044', '4348296', '0000-00-00', ''),
(39, 21, 'дом.', 3, '+38044', '4344345', '0000-00-00', ''),
(40, 22, 'дом.', 3, '+38044', '4526374', '0000-00-00', ''),
(41, 23, 'дом.', 3, '+38044', '4630495', '0000-00-00', ''),
(42, 24, 'дом.', 3, '+38044', '5104847', '1995-01-01', ''),
(43, 24, 'раб.', 1, '+38044', '2129448', '2003-07-01', ''),
(44, 25, 'дом.', 3, '+38044', '4600617', '0000-00-00', ''),
(45, 26, 'дом.', 3, '+38044', '4346815', '0000-00-00', ''),
(47, 27, 'дом.', 3, '+38044', '5553714', '0000-00-00', 'Оксана, Настя'),
(48, 16, 'моб.', 2, '+38050', '7251499', '2005-01-01', 'UMC'),
(49, 28, 'дом.', 3, '+38044', '5150582', '0000-00-00', ''),
(50, 28, 'моб.', 2, '+38067', '9794483', '0000-00-00', ''),
(52, 30, 'дом.', 3, '+38044', '5736843', '2005-01-01', ''),
(53, 31, 'дом.', 3, '+38044', '4346266', '0000-00-00', ''),
(55, 32, 'дом.', 3, '', '', '0000-00-00', ''),
(57, 33, 'дом.', 3, '+38044', '2966746', '0000-00-00', ''),
(58, 33, 'моб.', 2, '+38050', '4698860', '0000-00-00', ''),
(59, 34, 'дом.', 3, '+38044', '5181170', '0000-00-00', ''),
(60, 35, 'дом.', 3, '+38044', '5451649', '0000-00-00', ''),
(61, 37, 'дом.', 3, '+38044', '2361599', '0000-00-00', ''),
(65, 23, 'раб.', 1, '+38044', '4627261', '2005-01-01', 'Осиповского, 2-А, Инст. пищ.химии и технологии'),
(66, 23, 'моб.', 2, '+38067', '7707671', '2005-01-01', ''),
(67, 5, 'дом.', 3, '+38044', '4347395', '0000-00-00', 'Киев, Наташа'),
(68, 39, 'дом.', 3, '+38044', '4344285', '0000-00-00', ''),
(69, 40, 'дом.', 3, '+38044', '4333487', '0000-00-00', ''),
(70, 41, 'дом.', 3, '+38044', '4340017', '0000-00-00', ''),
(71, 41, 'раб.', 1, '+38044', '4179262', '0000-00-00', '\"\"\"Генератор\"\"\"'),
(72, 41, 'раб.', 1, '+38044', '4179248', '0000-00-00', '\"\"\"Генератор\"\"\"'),
(73, 41, 'раб.', 1, '+38044', '4179259', '0000-00-00', '\"\"\"Генератор\"\"\"'),
(74, 41, 'раб.', 1, '+38044', '4179200', '0000-00-00', '\"\"\"Генератор\"\"\"'),
(76, 43, 'дом.', 3, '+38044', '4345167', '0000-00-00', ''),
(77, 44, 'дом.', 3, '+38044', '4338629', '0000-00-00', ''),
(78, 44, 'моб.', 2, '+38067', '2321265', '2006-05-11', ''),
(79, 44, 'дом.', 3, '+38044', '4336894', '0000-00-00', 'родители'),
(80, 45, 'дом.', 3, '+38044', '2430830', '0000-00-00', ''),
(81, 46, 'раб.', 1, '+38044', '2919258', '0000-00-00', 'следственное упр. СБУ'),
(82, 47, 'дом.', 3, '+38044', '4338669', '1996-01-01', ''),
(83, 48, 'дом.', 3, '+38044', '', '0000-00-00', '228-0510'),
(84, 49, 'дом.', 3, '+38044', '4333067', '0000-00-00', ''),
(85, 50, 'дом.', 3, '+38044', '4333168', '0000-00-00', 'мама (сам там не живет)'),
(86, 51, 'дом.', 3, '+38044', '4420551', '0000-00-00', ''),
(87, 52, 'моб.', 2, '+38044', '4496232', '0000-00-00', ''),
(88, 53, 'дом.', 3, '+38044', '4427116', '0000-00-00', ''),
(89, 54, 'дом.', 3, '+38044', '4496233', '0000-00-00', ''),
(90, 54, 'моб.', 2, '+38067', '6983163', '0000-00-00', ''),
(91, 30, 'дом.', 3, '+38044', '5708549', '1998-01-01', ''),
(92, 55, 'дом.', 3, '+38044', '5550828', '0000-00-00', ''),
(93, 56, 'дом.', 3, '+38044', '4347477', '0000-00-00', ''),
(94, 57, 'дом.', 3, '+38044', '4466181', '0000-00-00', ''),
(95, 58, 'дом.', 3, '+38044', '4434347', '0000-00-00', ''),
(96, 59, 'дом.', 3, '+38044', '2746202', '0000-00-00', ''),
(97, 60, 'дом.', 3, '+38044', '4427659', '2000-01-01', ''),
(98, 61, 'дом.', 3, '+38044', '2665437', '0000-00-00', ''),
(99, 62, 'дом.', 3, '+38044', '4331528', '0000-00-00', ''),
(100, 63, 'дом.', 3, '+38044', '4344532', '0000-00-00', ''),
(101, 7, 'дом.', 3, '+38044', '5466074', '2001-01-01', ''),
(102, 7, 'моб.', 2, '+38044', '2023243', '2001-01-01', ''),
(103, 7, 'моб.', 2, '+38050', '3103243', '2001-01-01', 'межгород'),
(104, 65, 'дом.', 3, '+38044', '4340631', '0000-00-00', ''),
(105, 66, 'дом.', 3, '+38044', '4345403', '0000-00-00', ''),
(106, 67, 'дом.', 3, '+38044', '4435351', '0000-00-00', ''),
(107, 68, 'раб.', 1, '+38044', '4429353', '0000-00-00', 'Квазар'),
(108, 69, 'дом.', 3, '38294', '58624', '2000-01-01', '29458624'),
(109, 70, 'дом.', 3, '+38044', '5733163', '0000-00-00', ''),
(110, 70, 'моб.', 2, '+38067', '7072819', '0000-00-00', ''),
(111, 71, 'дом.', 3, '+38044', '5307283', '0000-00-00', ''),
(112, 71, 'дом.', 3, '+38097', '2414986', '0000-00-00', ''),
(113, 72, 'дом.', 3, '+38044', '2963183', '0000-00-00', ''),
(114, 72, 'моб.', 2, '+38067', '9905223', '0000-00-00', ''),
(115, 73, 'дом.', 3, '+38044', '4140734', '0000-00-00', ''),
(116, 74, 'дом.', 3, '+38044', '2699815', '0000-00-00', 'мать Валентина Степановна'),
(117, 64, 'дом.', 3, '+38044', '4631911', '0000-00-00', ''),
(118, 26, 'моб.', 2, '+38067', '9200123', '0000-00-00', ''),
(119, 81, 'дом.', 3, '+38044', '4438410', '0000-00-00', ''),
(120, 82, 'дом.', 3, '+38044', '5652578', '2002-01-01', ''),
(121, 82, 'раб.', 1, '+38044', '4839251', '2002-01-01', ''),
(122, 82, 'раб.', 1, '+38044', '2136175', '2002-01-01', '483-…  отд. (Лидия Борисовна)'),
(123, 83, 'дом.', 3, '+38044', '5688572', '2002-01-01', ''),
(124, 83, 'моб.', 2, '+38067', '7590882', '2002-01-01', ''),
(125, 84, 'дом.', 3, '+38044', '5430914', '0000-00-00', ''),
(126, 84, 'моб.', 2, '+38050', '3572514', '0000-00-00', ''),
(127, 85, 'дом.', 3, '+38044', '5430914', '0000-00-00', ''),
(128, 85, 'моб.', 2, '+38066', '7983159', '2005-01-01', ''),
(129, 86, 'дом.', 3, '+38044', '4349424', '0000-00-00', ''),
(130, 87, 'дом.', 3, '+38044', '4438410', '0000-00-00', ''),
(131, 87, 'моб.', 2, '+38066', '1550235', '2005-05-01', ''),
(132, 88, 'дом.', 3, '+38044', '4632702', '0000-00-00', 'Маша'),
(133, 88, 'дом.', 3, '+38044', '5444301', '0000-00-00', 'Родители'),
(134, 89, 'дом.', 3, '+38044', '4015241', '0000-00-00', ''),
(135, 89, 'моб.', 2, '+38066', '3769129', '2005-03-06', 'Саша'),
(136, 16, 'дом.', 3, '380552', '290408', '2005-01-01', ''),
(137, 90, 'дом.', 3, '+38044', '5177707', '0000-00-00', ''),
(138, 91, 'дом.', 3, '+38044', '4330644', '1987-06-03', ''),
(139, 92, 'дом.', 3, '+38044', '4845089', '2006-02-17', ''),
(140, 42, 'дом.', 3, '+38044', '4336119', '2002-07-01', ''),
(142, 93, 'дом.', 3, '+38044', '4438411', '0000-00-00', ''),
(144, 94, 'дом.', 3, '+38044', '5421248', '2005-06-01', ''),
(145, 94, 'раб.', 1, '+38044', '5481023', '2005-06-01', ''),
(146, 94, 'моб.', 2, '+38067', '9061692', '2005-06-01', ''),
(147, 95, 'раб.', 1, '+38044', '4625577', '2005-08-08', ''),
(148, 95, 'раб.', 1, '+38044', '4625581', '2005-08-08', '\"К09: Энергоналадка АО \"\"Киевэнерго\"\"\"'),
(149, 96, 'дом.', 3, '+38044', '5299061', '2005-08-11', ''),
(150, 96, 'раб.', 1, '+38044', '2597575', '2005-08-17', 'Героев обороны, 4, 2 эт., отд. продаж ДЕУ'),
(151, 97, 'дом.', 3, '+38044', '4346859', '0000-00-00', ''),
(152, 97, 'раб.', 1, '+38044', '4429512', '2005-08-23', '\"\"\"Квазар\"\"\"'),
(153, 98, 'моб.', 2, '+38050', '5490928', '2005-01-01', ''),
(156, 16, 'дом.', 3, '+38097', '5653404', '2005-10-01', ''),
(157, 16, 'моб.', 2, '+38067', '9326086', '2005-01-01', 'Ира'),
(158, 99, 'дом.', 3, '+38044', '4438063', '0000-00-00', ''),
(161, 99, 'дом.', 3, '+38044', '5665683', '2005-10-27', 'Саша старший'),
(163, 103, 'дом.', 3, '+38044', '4333472', '0000-00-00', ''),
(164, 103, 'моб.', 2, '+38097', '3465174', '2005-11-22', ''),
(166, 103, 'дом.', 3, '+38044', '4076835', '2005-11-27', ''),
(168, 99, 'дом.', 3, '+38044', '5522577', '2005-11-30', 'Саша младший'),
(169, 99, 'моб.', 2, '+38097', '7100010', '2005-11-30', 'Саша младший (Инна)'),
(170, 99, 'раб.', 1, '+38044', '2786495', '2005-11-30', 'Саша младший (Инна)'),
(171, 120, 'моб.', 2, '+38067', '7271217', '2005-09-01', ''),
(172, 106, 'дом.', 3, '+38044', '4438062', '2005-12-23', ''),
(173, 121, 'дом.', 3, '+38044', '5302203', '2005-01-01', ''),
(175, 16, 'раб.', 1, '+38044', '4569668', '2006-01-01', 'ICTV (СТБ)'),
(176, 123, 'моб.', 2, '+38096', '7147635', '2006-01-19', ''),
(177, 17, 'моб.', 2, '+38044', '5929824', '2006-01-31', 'прямой моб.'),
(178, 17, 'моб.', 2, '+38067', '2302442', '2006-01-31', ''),
(179, 95, 'раб.', 1, '+38044', '4625176', '2006-02-08', 'Энергосбыт Шевченск.р-на, ВОЛОШСКАЯ УЛ., 42'),
(180, 95, 'раб.', 1, '+38044', '5287794', '2006-02-08', ''),
(181, 124, 'раб.', 1, '+38044', '4641405', '2006-02-08', 'Виноградарское отделение'),
(183, 125, 'раб.', 1, '+38044', '4499726', '2006-02-10', 'участковый Стасюк А.В.'),
(184, 125, 'раб.', 1, '+38044', '4860306', '2006-02-10', 'деж. по райуправлению'),
(185, 125, 'раб.', 1, '+38044', '4860097', '2006-02-10', 'контроль за участковыми (Герцена, 9)'),
(186, 17, 'раб.', 1, '+38044', '4569668', '2006-01-01', 'ICTV (СТБ)'),
(187, 92, 'моб.', 2, '+38096', '9479320', '2006-02-17', ''),
(188, 124, 'раб.', 1, '+38044', '5900389', '2006-02-17', '\"Кредитна спілка \"\"Фаворит\"\"\"'),
(189, 99, 'дом.', 3, '+38044', '2489767', '2006-02-20', 'Лариса Сергеевна'),
(190, 99, 'раб.', 1, '+38044', '4331577', '2006-01-01', '\"клуб \"\"Романтик\"\"\"'),
(191, 126, 'дом.', 3, '+38044', '4492174', '2006-02-28', ''),
(193, 5, 'дом.', 3, '7495', '7595285', '0000-00-00', 'Незвинского'),
(194, 128, 'дом.', 3, '+38044', '4334204', '2006-01-01', ''),
(195, 128, 'раб.', 1, '+38044', '4331577', '2006-01-01', '\"клуб \"\"Романтик\"\"\"'),
(196, 129, 'раб.', 1, '+38044', '5419000', '2006-03-24', ''),
(197, 130, 'дом.', 3, '+38044', '4270800', '2006-03-30', ''),
(198, 99, 'дом.', 3, '+38044', '4334204', '2006-01-01', 'Валентина Григорьевна'),
(199, 99, 'дом.', 3, '+38044', '4141663', '2006-04-05', 'Художник (Владимир Кузько)'),
(200, 99, 'дом.', 3, '+38044', '4438085', '2006-04-05', 'Войнаровский В.А.'),
(201, 98, 'раб.', 1, '+38044', '5990966', '2006-04-10', 'Ростик как-то звонил'),
(202, 90, 'раб.', 1, '+38044', '5013156', '2006-04-28', '\"\"\"Балкан-Союз\"\"\"'),
(203, 16, 'раб.', 1, '+38044', '4569389', '2006-01-01', 'ICTV (СТБ)'),
(204, 17, 'раб.', 1, '+38044', '4569389', '2006-01-01', 'ICTV (СТБ)'),
(205, 81, 'моб.', 2, '+38067', '1692345', '2006-05-06', ''),
(206, 35, 'дом.', 3, '+38096', '3648489', '2006-05-06', ''),
(207, 17, 'раб.', 1, '+38044', '2809285', '2006-05-14', 'КВВИУС'),
(208, 90, 'моб.', 2, '+38097', '9636361', '2006-05-17', 'Взял в моем мобильнике'),
(209, 87, 'моб.', 2, '+38096', '7078421', '2006-05-18', ''),
(210, 24, 'моб.', 2, '+38067', '4045562', '2006-06-04', ''),
(211, 131, 'раб.', 1, '+38044', '4978180', '2006-06-13', 'Справка'),
(212, 131, 'раб.', 1, '+38044', '050', '2006-06-13', 'Справка'),
(213, 132, 'дом.', 3, '+38044', '4438062', '2005-12-23', ''),
(214, 125, 'раб.', 1, '+38044', '4423283', '2006-06-24', 'звонил участковый (ул. Баумана)'),
(215, 26, 'раб.', 1, '+38044', '4639463', '2006-07-12', '\"Фрунзе, 104, ООО \"\"Тримекс\"\"\"'),
(216, 88, 'моб.', 2, '+38067', '4441144', '2006-10-01', ''),
(217, 31, 'моб.', 2, '+38067', '8912309', '2006-10-06', ''),
(218, 136, 'дом.', 3, '7495', '1564524', '2006-12-16', ''),
(219, 135, 'моб.', 2, '1215', '2926193', '2006-12-22', ''),
(220, 31, 'дом.', 3, '+38044', '4345208', '2006-12-30', 'Кормыло'),
(221, 137, 'моб.', 2, '+38097', '9486895', '2007-01-13', ''),
(223, 139, 'дом.', 3, '+38096', '1044466', '2007-01-16', ''),
(225, 140, 'дом.', 3, '+38067', '2432022', '2007-01-24', ''),
(226, 141, 'дом.', 3, '+38044', '2351815', '2007-02-04', 'старый 225-1815'),
(227, 43, 'дом.', 3, '+38044', '4426728', '2007-02-06', ''),
(228, 43, 'моб.', 2, '+38067', '7765564', '2007-02-10', ''),
(229, 12, 'моб.', 2, '+38067', '5027707', '2007-02-10', ''),
(230, 142, 'моб.', 2, '+38066', '2435950', '2007-02-16', ''),
(231, 5, 'моб.', 2, '7985', '1038898', '2007-03-01', ''),
(233, 4, '', 1, '7 495', '6896264', '0000-00-00', '*1'),
(234, 4, '', 1, '7 495', '6893124', '0000-00-00', '*1'),
(235, 136, '', 2, '7916', '1316588', '2007-03-28', ''),
(236, 98, '', 1, '+38044', '5859367', '2007-03-31', ''),
(237, 86, '', 2, '38098', '4857021', '2007-06-13', ''),
(238, 66, '', 2, '38067', '1671812', '2007-06-13', ''),
(239, 144, '', 2, '38097', '9464472', '2007-08-18', ''),
(240, 32, '', 2, '38098', '5866676', '2007-10-02', 'ICQ: 328-414-096'),
(241, 32, '', 1, '+38044', '3606779', '2007-10-02', ''),
(242, 32, '', 6, '+38044', '3900409', '2007-10-02', ''),
(243, 12, '', 2, '38068', '4400049', '2007-10-03', ''),
(244, 146, '', 3, '+38044', '4148596', '2007-10-30', ''),
(245, 146, '', 2, '38067', '4656535', '2007-10-30', ''),
(246, 147, '', 3, '+38044', '4632190', '2007-11-07', ''),
(247, 24, '', 1, '   38044', '5618156', '2006-06-04', ''),
(248, 150, '', 3, '+38044', '4347005', '2008-04-13', ''),
(249, 150, '', 2, '38050', '7725159', '2008-04-13', ''),
(250, 151, '', 3, '+38044', '4070975', '2009-01-19', ''),
(251, 151, '', 0, '38097', '1668461', '2009-02-06', ''),
(252, 95, '', 2, '38050', '2988834', '2009-02-06', 'Юлия Васильевна, ВОЛОШСКАЯ УЛ., 42, каб.6'),
(253, 152, '', 3, '+38044', '4551247', '2009-02-19', ''),
(254, 152, '', 2, '38063', '2459957', '2009-02-19', ''),
(255, 153, '', 3, '+38044', '4333177', '2009-04-08', ''),
(256, 154, '', 0, '7 496', '2074416', '2009-04-15', ''),
(257, 155, '', 0, '7 8362', '726001', '2009-04-15', ''),
(258, 158, '', 2, '1215', '5008191', '2009-11-15', ''),
(259, 82, '', 1, '   38044', '4837565', '2010-01-31', 'с этого тел. звонила ко мне 31.01.10'),
(260, 159, '', 3, '+38044', '4496233', '2010-03-20', '');

-- --------------------------------------------------------

--
-- Структура таблицы `usersteltype`
--

CREATE TABLE `usersteltype` (
  `ID_UsersTelType` int(11) NOT NULL,
  `UserIndex` text NOT NULL,
  `TelType` text NOT NULL,
  `Indication` text NOT NULL,
  `Note` text NOT NULL
) ENGINE=InnoDB DEFAULT CHARSET=utf8;

--
-- Дамп данных таблицы `usersteltype`
--

INSERT INTO `usersteltype` (`ID_UsersTelType`, `UserIndex`, `TelType`, `Indication`, `Note`) VALUES
(1, '1', 'Рабочий', 'раб.', 'Стационарный рабочий'),
(2, '2', 'Мобильный', 'моб.', 'Мобильный'),
(3, '5', 'Домашний', 'дом.', 'Домашний'),
(4, '4', 'Спутниковая', 'спутн.', 'Спутниковая аппаратная'),
(5, '6', 'Гибрид', 'гибр.', 'Телефон гибрид'),
(6, '3', 'Факс', 'факс', 'Факс'),
(7, '4', 'Координация', 'коорд.', 'Координация'),
(8, '7', 'Приемная', 'прием.', 'Приемная'),
(9, '8', 'Дача', 'дача', 'Дача'),
(10, '9', '', 'н/опр.', 'Неизвестно');

--
-- Индексы сохранённых таблиц
--

--
-- Индексы таблицы `cash`
--
ALTER TABLE `cash`
  ADD PRIMARY KEY (`ID_Cash`);

--
-- Индексы таблицы `course`
--
ALTER TABLE `course`
  ADD PRIMARY KEY (`ID_Course`);

--
-- Индексы таблицы `credit`
--
ALTER TABLE `credit`
  ADD PRIMARY KEY (`Credit`),
  ADD KEY `UserIndex` (`UserIndex`);

--
-- Индексы таблицы `currency`
--
ALTER TABLE `currency`
  ADD PRIMARY KEY (`ID_Currency`);

--
-- Индексы таблицы `debt`
--
ALTER TABLE `debt`
  ADD PRIMARY KEY (`ID_Debt`);

--
-- Индексы таблицы `debtreturn`
--
ALTER TABLE `debtreturn`
  ADD PRIMARY KEY (`ID_DebtReturn`);

--
-- Индексы таблицы `diarybook`
--
ALTER TABLE `diarybook`
  ADD PRIMARY KEY (`ID_DiaryBook`);

--
-- Индексы таблицы `diarybookpayment`
--
ALTER TABLE `diarybookpayment`
  ADD PRIMARY KEY (`ID_DiaryBookPayment`);

--
-- Индексы таблицы `diarybookpaymentplan`
--
ALTER TABLE `diarybookpaymentplan`
  ADD PRIMARY KEY (`ID_DiaryBookPayment`);

--
-- Индексы таблицы `diarybookreference`
--
ALTER TABLE `diarybookreference`
  ADD PRIMARY KEY (`ID_DiaryBookReference`);

--
-- Индексы таблицы `exchange`
--
ALTER TABLE `exchange`
  ADD PRIMARY KEY (`ID_Exchange`);

--
-- Индексы таблицы `irbis_user`
--
ALTER TABLE `irbis_user`
  ADD PRIMARY KEY (`id`),
  ADD UNIQUE KEY `login` (`login`);

--
-- Индексы таблицы `parametertype`
--
ALTER TABLE `parametertype`
  ADD PRIMARY KEY (`ID_ParameterType`);

--
-- Индексы таблицы `subjecthyper`
--
ALTER TABLE `subjecthyper`
  ADD PRIMARY KEY (`ID_SubjectHyper`);

--
-- Индексы таблицы `subtypepayment`
--
ALTER TABLE `subtypepayment`
  ADD PRIMARY KEY (`ID_SubTypePayment`),
  ADD KEY `UserIndex` (`UserIndex`);

--
-- Индексы таблицы `theme`
--
ALTER TABLE `theme`
  ADD PRIMARY KEY (`ID_Theme`);

--
-- Индексы таблицы `treetype`
--
ALTER TABLE `treetype`
  ADD PRIMARY KEY (`ID_TreeType`);

--
-- Индексы таблицы `typedebt`
--
ALTER TABLE `typedebt`
  ADD PRIMARY KEY (`ID_TypeDept`);

--
-- Индексы таблицы `typepayment`
--
ALTER TABLE `typepayment`
  ADD PRIMARY KEY (`ID_TypePayment`),
  ADD KEY `UserIndex` (`UserIndex`);

--
-- Индексы таблицы `unknownbell`
--
ALTER TABLE `unknownbell`
  ADD PRIMARY KEY (`ID_UnknownBell`);

--
-- Индексы таблицы `users`
--
ALTER TABLE `users`
  ADD PRIMARY KEY (`ID_Users`);

--
-- Индексы таблицы `usersbirth`
--
ALTER TABLE `usersbirth`
  ADD PRIMARY KEY (`ID_UsersBirth`);

--
-- Индексы таблицы `usersemail`
--
ALTER TABLE `usersemail`
  ADD PRIMARY KEY (`ID_EMail`);

--
-- Индексы таблицы `usersgroup`
--
ALTER TABLE `usersgroup`
  ADD PRIMARY KEY (`ID_UsersGroup`);

--
-- Индексы таблицы `userspictures`
--
ALTER TABLE `userspictures`
  ADD PRIMARY KEY (`ID_UserPicture`);

--
-- Индексы таблицы `userstel`
--
ALTER TABLE `userstel`
  ADD PRIMARY KEY (`ID_UsersTel`);

--
-- Индексы таблицы `usersteltype`
--
ALTER TABLE `usersteltype`
  ADD PRIMARY KEY (`ID_UsersTelType`);

--
-- AUTO_INCREMENT для сохранённых таблиц
--

--
-- AUTO_INCREMENT для таблицы `cash`
--
ALTER TABLE `cash`
  MODIFY `ID_Cash` int(11) NOT NULL AUTO_INCREMENT, AUTO_INCREMENT=7;

--
-- AUTO_INCREMENT для таблицы `course`
--
ALTER TABLE `course`
  MODIFY `ID_Course` int(11) NOT NULL AUTO_INCREMENT, AUTO_INCREMENT=15;

--
-- AUTO_INCREMENT для таблицы `currency`
--
ALTER TABLE `currency`
  MODIFY `ID_Currency` int(11) NOT NULL AUTO_INCREMENT, AUTO_INCREMENT=4;

--
-- AUTO_INCREMENT для таблицы `debt`
--
ALTER TABLE `debt`
  MODIFY `ID_Debt` int(11) NOT NULL AUTO_INCREMENT, AUTO_INCREMENT=6;

--
-- AUTO_INCREMENT для таблицы `debtreturn`
--
ALTER TABLE `debtreturn`
  MODIFY `ID_DebtReturn` int(11) NOT NULL AUTO_INCREMENT, AUTO_INCREMENT=2;

--
-- AUTO_INCREMENT для таблицы `diarybook`
--
ALTER TABLE `diarybook`
  MODIFY `ID_DiaryBook` int(11) NOT NULL AUTO_INCREMENT, AUTO_INCREMENT=1095;

--
-- AUTO_INCREMENT для таблицы `diarybookpayment`
--
ALTER TABLE `diarybookpayment`
  MODIFY `ID_DiaryBookPayment` int(11) NOT NULL AUTO_INCREMENT, AUTO_INCREMENT=1650;

--
-- AUTO_INCREMENT для таблицы `diarybookpaymentplan`
--
ALTER TABLE `diarybookpaymentplan`
  MODIFY `ID_DiaryBookPayment` int(11) NOT NULL AUTO_INCREMENT, AUTO_INCREMENT=29;

--
-- AUTO_INCREMENT для таблицы `diarybookreference`
--
ALTER TABLE `diarybookreference`
  MODIFY `ID_DiaryBookReference` int(11) NOT NULL AUTO_INCREMENT, AUTO_INCREMENT=14;

--
-- AUTO_INCREMENT для таблицы `exchange`
--
ALTER TABLE `exchange`
  MODIFY `ID_Exchange` int(11) NOT NULL AUTO_INCREMENT;

--
-- AUTO_INCREMENT для таблицы `irbis_user`
--
ALTER TABLE `irbis_user`
  MODIFY `id` int(10) NOT NULL AUTO_INCREMENT, AUTO_INCREMENT=5;

--
-- AUTO_INCREMENT для таблицы `parametertype`
--
ALTER TABLE `parametertype`
  MODIFY `ID_ParameterType` int(11) NOT NULL AUTO_INCREMENT, AUTO_INCREMENT=13;

--
-- AUTO_INCREMENT для таблицы `subjecthyper`
--
ALTER TABLE `subjecthyper`
  MODIFY `ID_SubjectHyper` int(11) NOT NULL AUTO_INCREMENT;

--
-- AUTO_INCREMENT для таблицы `subtypepayment`
--
ALTER TABLE `subtypepayment`
  MODIFY `ID_SubTypePayment` int(11) NOT NULL AUTO_INCREMENT, AUTO_INCREMENT=134;

--
-- AUTO_INCREMENT для таблицы `theme`
--
ALTER TABLE `theme`
  MODIFY `ID_Theme` int(11) NOT NULL AUTO_INCREMENT, AUTO_INCREMENT=2;

--
-- AUTO_INCREMENT для таблицы `treetype`
--
ALTER TABLE `treetype`
  MODIFY `ID_TreeType` int(11) NOT NULL AUTO_INCREMENT, AUTO_INCREMENT=3;

--
-- AUTO_INCREMENT для таблицы `typedebt`
--
ALTER TABLE `typedebt`
  MODIFY `ID_TypeDept` int(11) NOT NULL AUTO_INCREMENT, AUTO_INCREMENT=11;

--
-- AUTO_INCREMENT для таблицы `typepayment`
--
ALTER TABLE `typepayment`
  MODIFY `ID_TypePayment` int(11) NOT NULL AUTO_INCREMENT, AUTO_INCREMENT=37;

--
-- AUTO_INCREMENT для таблицы `unknownbell`
--
ALTER TABLE `unknownbell`
  MODIFY `ID_UnknownBell` int(11) NOT NULL AUTO_INCREMENT, AUTO_INCREMENT=206;

--
-- AUTO_INCREMENT для таблицы `users`
--
ALTER TABLE `users`
  MODIFY `ID_Users` int(11) NOT NULL AUTO_INCREMENT, AUTO_INCREMENT=161;

--
-- AUTO_INCREMENT для таблицы `usersbirth`
--
ALTER TABLE `usersbirth`
  MODIFY `ID_UsersBirth` int(11) NOT NULL AUTO_INCREMENT, AUTO_INCREMENT=22;

--
-- AUTO_INCREMENT для таблицы `usersemail`
--
ALTER TABLE `usersemail`
  MODIFY `ID_EMail` int(11) NOT NULL AUTO_INCREMENT, AUTO_INCREMENT=20;

--
-- AUTO_INCREMENT для таблицы `usersgroup`
--
ALTER TABLE `usersgroup`
  MODIFY `ID_UsersGroup` int(11) NOT NULL AUTO_INCREMENT, AUTO_INCREMENT=6;

--
-- AUTO_INCREMENT для таблицы `userspictures`
--
ALTER TABLE `userspictures`
  MODIFY `ID_UserPicture` int(11) NOT NULL AUTO_INCREMENT, AUTO_INCREMENT=13;

--
-- AUTO_INCREMENT для таблицы `userstel`
--
ALTER TABLE `userstel`
  MODIFY `ID_UsersTel` int(11) NOT NULL AUTO_INCREMENT, AUTO_INCREMENT=261;

--
-- AUTO_INCREMENT для таблицы `usersteltype`
--
ALTER TABLE `usersteltype`
  MODIFY `ID_UsersTelType` int(11) NOT NULL AUTO_INCREMENT, AUTO_INCREMENT=11;
COMMIT;

/*!40101 SET CHARACTER_SET_CLIENT=@OLD_CHARACTER_SET_CLIENT */;
/*!40101 SET CHARACTER_SET_RESULTS=@OLD_CHARACTER_SET_RESULTS */;
/*!40101 SET COLLATION_CONNECTION=@OLD_COLLATION_CONNECTION */;
